項番,番号,都道府県,遺跡名,所在地,サンプル採取地点等,試料の種類,試料コード1,試料コード2,時代,時代詳細,時代コード,試料番号,測定方法,C14年代,C14年代±,暦年較正用C14年代,暦年較正用C14年代±,δ13C（AMS）,δ13C（AMS）±,δ13C（IRMS）,分析者（著者）,分析機関,刊行年,報告タイトル,ページ,備考,報告書名,発行者
1,29713,44：大分県,コンゲ窯跡,中津市大字伊藤田字コンゲ,試料の種類:炭化材①6-10年輪,炭化材(マツ属複維管束亜属･半径25mm),T,f,奈良時代,8世紀前半,E,PLD-11871,AMS法,155,25,156,23,-27.39,0.17,----,伊藤茂･尾嵜大真･丹生越子･廣田正史･小林紘一･Zaur　Lomtatidze･Ineza　Jorjoliani･藤根久,パレオ・ラボ,2010,窯跡出土炭化材およびスサ材の放射性炭素年代測定,61?64,ウィグルマッチング,伊藤田窯跡群　＜コンゲ窯跡･穂屋1号窯跡･穂屋2号窯跡＞　国道212号(中津三光道路)道路改良工事に伴う埋蔵文化財発掘調査報告書,大分県教育庁埋蔵文化財センター
2,29715,44：大分県,コンゲ窯跡,中津市大字伊藤田字コンゲ,試料の種類:炭化材①16-20年輪,炭化材(マツ属複維管束亜属･半径25mm),T,f,奈良時代,8世紀前半,E,PLD-11873,AMS法,145,20,145,22,-27.65,0.14,----,伊藤茂･尾嵜大真･丹生越子･廣田正史･小林紘一･Zaur　Lomtatidze･Ineza　Jorjoliani･藤根久,パレオ・ラボ,2010,窯跡出土炭化材およびスサ材の放射性炭素年代測定,61?64,ウィグルマッチング,伊藤田窯跡群　＜コンゲ窯跡･穂屋1号窯跡･穂屋2号窯跡＞　国道212号(中津三光道路)道路改良工事に伴う埋蔵文化財発掘調査報告書,大分県教育庁埋蔵文化財センター
3,29714,44：大分県,コンゲ窯跡,中津市大字伊藤田字コンゲ,試料の種類:炭化材①11-15年輪,炭化材(マツ属複維管束亜属･半径25mm),T,f,奈良時代,8世紀前半,E,PLD-11872,AMS法,150,25,151,23,-28.56,0.15,----,伊藤茂･尾嵜大真･丹生越子･廣田正史･小林紘一･Zaur　Lomtatidze･Ineza　Jorjoliani･藤根久,パレオ・ラボ,2010,窯跡出土炭化材およびスサ材の放射性炭素年代測定,61?64,ウィグルマッチング,伊藤田窯跡群　＜コンゲ窯跡･穂屋1号窯跡･穂屋2号窯跡＞　国道212号(中津三光道路)道路改良工事に伴う埋蔵文化財発掘調査報告書,大分県教育庁埋蔵文化財センター
4,29712,44：大分県,コンゲ窯跡,中津市大字伊藤田字コンゲ,試料の種類:炭化材①最外-5年輪,炭化材(マツ属複維管束亜属･半径25mm),T,f,奈良時代,8世紀前半,E,PLD-11870,AMS法,165,20,164,21,-26.22,0.13,----,伊藤茂･尾嵜大真･丹生越子･廣田正史･小林紘一･Zaur　Lomtatidze･Ineza　Jorjoliani･藤根久,パレオ・ラボ,2010,窯跡出土炭化材およびスサ材の放射性炭素年代測定,61?64,ウィグルマッチング,伊藤田窯跡群　＜コンゲ窯跡･穂屋1号窯跡･穂屋2号窯跡＞　国道212号(中津三光道路)道路改良工事に伴う埋蔵文化財発掘調査報告書,大分県教育庁埋蔵文化財センター
5,29890,44：大分県,ノヲガケ遺跡,日田市天瀬町本城字ノヲガケ,試料名:TNH-0087N　3号土坑東側肩部,炭化物,T,h,縄文時代,----,B,Beta-271165,AMS法,2550,40,----,----,----,----,-24.8,----,Beta Analytic Inc.,2012,放射性炭素年代測定,25?28,----,ノヲガケ遺跡　日田市埋蔵文化財調査報告書第105集　,日田市教育委員会
6,29768,44：大分県,下志村遺跡,大分市角子原1丁目,試料名:№3　A区SP362出土木材,木材,T,d,中世?近現代,----,FGH,Beta-190846,AMS法,390,30,----,----,----,----,-25.8,古環境研究所,Beta Analytic Inc.,2005,下志村遺跡第2次調査の自然科学分析,169?171,----,大分市埋蔵文化財発掘調査報告　第54集　下志村遺跡第2次調査　大在西小学校建設に伴う発掘調査報告書,大分市教育委員会文化財課
7,29767,44：大分県,下志村遺跡,大分市角子原1丁目,試料名:№2　A区SE820出土井戸枠材　,木材,T,d,中世?近現代,----,FGH,Beta-190048,AMS法,380,40,----,----,----,----,-23.3,古環境研究所,Beta Analytic Inc.,2005,下志村遺跡第2次調査の自然科学分析,169?171,----,大分市埋蔵文化財発掘調査報告　第54集　下志村遺跡第2次調査　大在西小学校建設に伴う発掘調査報告書,大分市教育委員会文化財課
8,29635,44：大分県,下郡桑苗遺跡,大分市大字下郡,No.2,木材,T,d,縄文時代後期?近世,----,B,Gak-14241,β線法,3660,200,----,----,----,----,----,木越邦彦,学習院大学理学部年代測定室,1989,下郡桑苗遺跡の放射性炭素年代測定結果について,47,----,下郡桑苗遺跡　大分県文化財調査報告書　第80輯　,大分県教育委員会
9,29634,44：大分県,下郡桑苗遺跡,大分市大字下郡,No.1,木材,T,d,縄文時代後期?近世,----,B,Gak-14236,β線法,3710,210,----,----,----,----,----,木越邦彦,学習院大学理学部年代測定室,1989,下郡桑苗遺跡の放射性炭素年代測定結果について,47,----,下郡桑苗遺跡　大分県文化財調査報告書　第80輯　,大分県教育委員会
10,2884,44：大分県,下郡遺跡,大分市大字下部,51次SK005甕の中から,種実マメ科,T,g,弥生時代中期,須久Ⅰ式またはⅡ式,C,PLD-5110,AMS法,2160,20,----,----,-26.82,0.13,----,学術創成研究グループ,パレオ・ラボ,2009,地域別測定データ,139-524,OIFJ-69 a,弥生農耕の起源と東アジア-炭素14年代測定による高精度編年体系の構築-平成16～20年文部科学省・科学研究費学術創成研究費　研究成果報告書,国立歴史民俗博物館
11,2885,44：大分県,下郡遺跡,大分市大字下部,51次SK005甕の中から,種実コメ,T,g,弥生時代中期,須久Ⅰ式またはⅡ式,C,PLD-5111,AMS法,2165,20,----,----,-25.09,0.17,----,学術創成研究グループ,パレオ・ラボ,2009,地域別測定データ,139-524,OIFJ-69 b,弥生農耕の起源と東アジア-炭素14年代測定による高精度編年体系の構築-平成16～20年文部科学省・科学研究費学術創成研究費　研究成果報告書,国立歴史民俗博物館
12,2917,44：大分県,下郡遺跡,大分市大字下部,51次SK005甕の中から,種実コメ,T,g,弥生時代中期,----,C,PLD-6460,AMS法,2080,35,----,----,-27.39,0.24,----,学術創成研究グループ,パレオ・ラボ,2009,地域別測定データ,139-524,OIOI-C24,弥生農耕の起源と東アジア-炭素14年代測定による高精度編年体系の構築-平成16～20年文部科学省・科学研究費学術創成研究費　研究成果報告書,国立歴史民俗博物館
13,2916,44：大分県,下郡遺跡,大分市大字下部,51次SK005甕の中から,種実コメ,T,g,弥生時代中期,----,C,PLD-6459,AMS法,2125,35,----,----,-28.5,0.21,----,学術創成研究グループ,パレオ・ラボ,2009,地域別測定データ,139-524,OIOI-C23,弥生農耕の起源と東アジア-炭素14年代測定による高精度編年体系の構築-平成16～20年文部科学省・科学研究費学術創成研究費　研究成果報告書,国立歴史民俗博物館
14,2915,44：大分県,下郡遺跡,大分市大字下部,51次SK005甕の中から,種実コメ,T,g,弥生時代中期,----,C,PLD-6458,AMS法,2080,35,----,----,-24.87,0.26,----,学術創成研究グループ,パレオ・ラボ,2009,地域別測定データ,139-524,OIOI-C22,弥生農耕の起源と東アジア-炭素14年代測定による高精度編年体系の構築-平成16～20年文部科学省・科学研究費学術創成研究費　研究成果報告書,国立歴史民俗博物館
15,2918,44：大分県,下郡遺跡,大分市大字下部,51次SK005甕の中から,種実コメ,T,g,弥生時代中期,----,C,PLD-6461,AMS法,2140,35,----,----,-21.24,0.25,----,学術創成研究グループ,パレオ・ラボ,2009,地域別測定データ,139-524,OIOI-C25,弥生農耕の起源と東アジア-炭素14年代測定による高精度編年体系の構築-平成16～20年文部科学省・科学研究費学術創成研究費　研究成果報告書,国立歴史民俗博物館
16,2922,44：大分県,下郡遺跡,大分市大字下部,51次SK005甕の中から,種実マメ科,T,g,弥生時代中期,----,C,PLD-6465,AMS法,2100,35,----,----,-28.15,0.24,----,学術創成研究グループ,パレオ・ラボ,2009,地域別測定データ,139-524,OIOI-C35,弥生農耕の起源と東アジア-炭素14年代測定による高精度編年体系の構築-平成16～20年文部科学省・科学研究費学術創成研究費　研究成果報告書,国立歴史民俗博物館
17,2925,44：大分県,下郡遺跡,大分市大字下部,51次SK005甕の中から,種実アワ,T,g,弥生時代中期,----,C,MTC-09880,AMS法,2145,35,----,----,-13.1,0.9,----,学術創成研究グループ,東京大学大学院工学系研究科タンデム加速器研究施設,2009,地域別測定データ,139-524,OIOI-C39,弥生農耕の起源と東アジア-炭素14年代測定による高精度編年体系の構築-平成16～20年文部科学省・科学研究費学術創成研究費　研究成果報告書,国立歴史民俗博物館
18,2924,44：大分県,下郡遺跡,大分市大字下部,51次SK005甕の中から,種実キビ,T,g,弥生時代中期,----,C,MTC-09879,AMS法,2110,35,----,----,-15.5,0.8,----,学術創成研究グループ,東京大学大学院工学系研究科タンデム加速器研究施設,2009,地域別測定データ,139-524,OIOI-C38,弥生農耕の起源と東アジア-炭素14年代測定による高精度編年体系の構築-平成16～20年文部科学省・科学研究費学術創成研究費　研究成果報告書,国立歴史民俗博物館
19,2923,44：大分県,下郡遺跡,大分市大字下部,51次SK005甕の中から,種実アワ,T,g,弥生時代中期,----,C,PLD-6466,AMS法,2185,35,----,----,-12.13,0.21,----,学術創成研究グループ,パレオ・ラボ,2009,地域別測定データ,139-524,OIOI-C37,弥生農耕の起源と東アジア-炭素14年代測定による高精度編年体系の構築-平成16～20年文部科学省・科学研究費学術創成研究費　研究成果報告書,国立歴史民俗博物館
20,2921,44：大分県,下郡遺跡,大分市大字下部,51次SK005甕の中から,種実マメ科,T,g,弥生時代中期,----,C,PLD-6464,AMS法,2140,30,----,----,-28.03,0.23,----,学術創成研究グループ,パレオ・ラボ,2009,地域別測定データ,139-524,OIOI-C34,弥生農耕の起源と東アジア-炭素14年代測定による高精度編年体系の構築-平成16～20年文部科学省・科学研究費学術創成研究費　研究成果報告書,国立歴史民俗博物館
21,2920,44：大分県,下郡遺跡,大分市大字下部,51次SK005甕の中から,種実コメ,T,g,弥生時代中期,----,C,PLD-6463,AMS法,2175,30,----,----,-23.44,0.2,----,学術創成研究グループ,パレオ・ラボ,2009,地域別測定データ,139-524,OIOI-C31,弥生農耕の起源と東アジア-炭素14年代測定による高精度編年体系の構築-平成16～20年文部科学省・科学研究費学術創成研究費　研究成果報告書,国立歴史民俗博物館
22,2919,44：大分県,下郡遺跡,大分市大字下部,51次SK005甕の中から,種実コメ,T,g,弥生時代中期,----,C,PLD-6462,AMS法,2125,35,----,----,-28.8,0.27,----,学術創成研究グループ,パレオ・ラボ,2009,地域別測定データ,139-524,OIOI-C28,弥生農耕の起源と東アジア-炭素14年代測定による高精度編年体系の構築-平成16～20年文部科学省・科学研究費学術創成研究費　研究成果報告書,国立歴史民俗博物館
23,2883,44：大分県,下郡遺跡,大分市大字下部,95次SK030床面出土,種実コメ,T,g,弥生時代中期,須久Ⅰ式またはⅡ式,C,PLD-5109,AMS法,2185,25,----,----,-24.45,0.11,----,学術創成研究グループ,パレオ・ラボ,2009,地域別測定データ,139-524,OIFJ-68,弥生農耕の起源と東アジア-炭素14年代測定による高精度編年体系の構築-平成16～20年文部科学省・科学研究費学術創成研究費　研究成果報告書,国立歴史民俗博物館
24,29744,44：大分県,中世大友府内町跡,大分市錦町3丁目,試料名:3　第88次　SD120　中層2　,木片,T,d,中世,16世紀前葉?17世紀初頭,F,IAAA-102711,AMS法,360,30,359,26,-31.24,0.55,----,加速器分析研究所,加速器分析研究所,2013,中世大友府内町跡における放射性炭素年代(AMS測定),437?442,----,豊後府内17　中世大友府内町跡第88･95次調査　一般国道10号古国府拡幅に伴う埋蔵文化財発掘調査報告書(8)(第2分冊),大分県教育庁埋蔵文化財センター
25,29751,44：大分県,中世大友府内町跡,大分市錦町3丁目,試料名:10　第88次　SD142　中層1　,炭化材,T,f,中世,16世紀前葉?17世紀初頭,F,IAAA-102718,AMS法,370,30,371,25,-27.21,0.57,----,加速器分析研究所,加速器分析研究所,2013,中世大友府内町跡における放射性炭素年代(AMS測定),437?442,----,豊後府内17　中世大友府内町跡第88･95次調査　一般国道10号古国府拡幅に伴う埋蔵文化財発掘調査報告書(8)(第2分冊),大分県教育庁埋蔵文化財センター
26,29753,44：大分県,中世大友府内町跡,大分市錦町3丁目,試料名:12　第91次　土取遺構　下層,木片,T,d,中世,16世紀前葉?17世紀初頭,F,IAAA-102720,AMS法,380,30,378,25,-28.53,0.63,----,加速器分析研究所,加速器分析研究所,2013,中世大友府内町跡における放射性炭素年代(AMS測定),437?442,----,豊後府内17　中世大友府内町跡第88･95次調査　一般国道10号古国府拡幅に伴う埋蔵文化財発掘調査報告書(8)(第2分冊),大分県教育庁埋蔵文化財センター
27,29752,44：大分県,中世大友府内町跡,大分市錦町3丁目,試料名:11　第91次　土取遺構　下層,木片,T,d,中世,16世紀前葉?17世紀初頭,F,IAAA-102719,AMS法,620,30,615,26,-26.04,0.47,----,加速器分析研究所,加速器分析研究所,2013,中世大友府内町跡における放射性炭素年代(AMS測定),437?442,----,豊後府内17　中世大友府内町跡第88･95次調査　一般国道10号古国府拡幅に伴う埋蔵文化財発掘調査報告書(8)(第2分冊),大分県教育庁埋蔵文化財センター
28,29750,44：大分県,中世大友府内町跡,大分市錦町3丁目,試料名:9　第88次　SD142　中層1　,炭化物,T,h,中世,16世紀前葉?17世紀初頭,F,IAAA-102717,AMS法,340,30,336,25,-27.63,0.48,----,加速器分析研究所,加速器分析研究所,2013,中世大友府内町跡における放射性炭素年代(AMS測定),437?442,----,豊後府内17　中世大友府内町跡第88･95次調査　一般国道10号古国府拡幅に伴う埋蔵文化財発掘調査報告書(8)(第2分冊),大分県教育庁埋蔵文化財センター
29,29749,44：大分県,中世大友府内町跡,大分市錦町3丁目,試料名:8　第88次　SD120　中層3　,木片,T,d,中世,16世紀前葉?17世紀初頭,F,IAAA-102716,AMS法,360,30,359,27,-24.3,0.62,----,加速器分析研究所,加速器分析研究所,2013,中世大友府内町跡における放射性炭素年代(AMS測定),437?442,----,豊後府内17　中世大友府内町跡第88･95次調査　一般国道10号古国府拡幅に伴う埋蔵文化財発掘調査報告書(8)(第2分冊),大分県教育庁埋蔵文化財センター
30,29746,44：大分県,中世大友府内町跡,大分市錦町3丁目,試料名:5　第88次　SD120 中層2　,木片,T,d,中世,16世紀前葉?17世紀初頭,F,IAAA-102713,AMS法,390,30,392,25,-28.54,0.54,----,加速器分析研究所,加速器分析研究所,2013,中世大友府内町跡における放射性炭素年代(AMS測定),437?442,----,豊後府内17　中世大友府内町跡第88･95次調査　一般国道10号古国府拡幅に伴う埋蔵文化財発掘調査報告書(8)(第2分冊),大分県教育庁埋蔵文化財センター
31,29743,44：大分県,中世大友府内町跡,大分市錦町3丁目,試料名:2　第88次　SD120　中層1　,木片,T,d,中世,16世紀前葉?17世紀初頭,F,IAAA-102710,AMS法,370,30,365,27,-25.51,0.57,----,加速器分析研究所,加速器分析研究所,2013,中世大友府内町跡における放射性炭素年代(AMS測定),437?442,----,豊後府内17　中世大友府内町跡第88･95次調査　一般国道10号古国府拡幅に伴う埋蔵文化財発掘調査報告書(8)(第2分冊),大分県教育庁埋蔵文化財センター
32,29742,44：大分県,中世大友府内町跡,大分市錦町3丁目,試料名:1　第88次　SD120 　中層1,葉,T,d,中世,16世紀前葉?17世紀初頭,F,IAAA-102709,AMS法,350,30,348,27,-29.7,0.69,----,加速器分析研究所,加速器分析研究所,2013,中世大友府内町跡における放射性炭素年代(AMS測定),437?442,----,豊後府内17　中世大友府内町跡第88･95次調査　一般国道10号古国府拡幅に伴う埋蔵文化財発掘調査報告書(8)(第2分冊),大分県教育庁埋蔵文化財センター
33,29877,44：大分県,中川原遺跡(2次調査),日田市大山町西大山字大フケ,3号土坑炉上部B　試料№26,炭化材(6年輪:マツ属),T,f,縄文時代後期中葉,----,B,PLD-10541,AMS法,3745,30,3747,30,-26.41,0.25,----,伊藤茂･丹生越子･廣田正史･瀬谷薫･小林紘一･Zaur　Lomtatidze･Ineza　Jorjoliani･藤根久･佐々木由香,パレオ・ラボ,2010,放射性炭素年代測定,29?31,----,中川原遺跡　ｰ2次調査の概要ｰ　　,日田市教育委員会
34,29878,44：大分県,中川原遺跡(2次調査),日田市大山町西大山字大フケ,3号土坑炉周辺　試料№29,炭化材(3年輪:針葉樹A),T,f,縄文時代後期中葉,----,B,PLD-10542,AMS法,3715,30,3717,31,-25.16,0.29,----,伊藤茂･丹生越子･廣田正史･瀬谷薫･小林紘一･Zaur　Lomtatidze･Ineza　Jorjoliani･藤根久･佐々木由香,パレオ・ラボ,2010,放射性炭素年代測定,29?31,----,中川原遺跡　ｰ2次調査の概要ｰ　　,日田市教育委員会
35,29876,44：大分県,中川原遺跡(2次調査),日田市大山町西大山字大フケ,3号土坑炉上部②　試料№9,炭化材(2年輪？:アカガシ亜属),T,f,縄文時代後期中葉,----,B,PLD-10540,AMS法,3695,25,3697,27,-27.78,0.24,----,伊藤茂･丹生越子･廣田正史･瀬谷薫･小林紘一･Zaur　Lomtatidze･Ineza　Jorjoliani･藤根久･佐々木由香,パレオ・ラボ,2010,放射性炭素年代測定,29?31,----,中川原遺跡　ｰ2次調査の概要ｰ　　,日田市教育委員会
36,29754,44：大分県,丹生遺跡,大分市丹生,1号土穴　試料:14C-4,炭化物,T,h,縄文時代早期,----,B,Beta-164295,AMS法,3170,50,----,----,----,----,-25.5,古環境研究所,Beta Analytic Inc.,2002,大分市、丹生遺跡の放射性炭素(14C)年代測定結果,60,----,大分市　市内遺跡確認調査概報,大分市教育委員会
37,29639,44：大分県,九池遺跡,大分市大字横尾字九池,5号焼土坑　,炭化材,T,f,旧石器時代?奈良時代･平安時代,----,ABCDE,Gak-20109,β線法,1130,90,----,----,----,----,----,パリノ･サーヴェイ,学習院大学理学部年代測定室,1999,まとめ,23?25,----,大分県文化財調査報告書　第103輯　スポーツ公園内遺跡群発掘調査報告書,大分県教育委員会
38,29640,44：大分県,九池遺跡,大分市大字横尾字九池,6号焼土坑　,炭化材,T,f,旧石器時代?奈良時代･平安時代,----,ABCDE,Gak-20110,β線法,1100,60,----,----,----,----,----,パリノ･サーヴェイ,学習院大学理学部年代測定室,1999,まとめ,23?25,----,大分県文化財調査報告書　第103輯　スポーツ公園内遺跡群発掘調査報告書,大分県教育委員会
39,29638,44：大分県,九池遺跡,大分市大字横尾字九池,4号焼土坑　,炭化材,T,f,旧石器時代?奈良時代･平安時代,----,ABCDE,Gak-20108,β線法,1670,100,----,----,----,----,----,パリノ･サーヴェイ,学習院大学理学部年代測定室,1999,まとめ,23?25,----,大分県文化財調査報告書　第103輯　スポーツ公園内遺跡群発掘調査報告書,大分県教育委員会
40,29637,44：大分県,九池遺跡,大分市大字横尾字九池,2号焼土坑　,炭化材,T,f,旧石器時代?奈良時代･平安時代,----,ABCDE,Gak-20107,β線法,1320,80,----,----,----,----,----,パリノ･サーヴェイ,学習院大学理学部年代測定室,1999,まとめ,23?25,----,大分県文化財調査報告書　第103輯　スポーツ公園内遺跡群発掘調査報告書,大分県教育委員会
41,29643,44：大分県,九池遺跡,大分市大字横尾字九池,13号陥穴土坑,炭化材,T,f,旧石器時代?奈良時代･平安時代,----,ABCDE,Gak-20113,β線法,6350,210,----,----,----,----,----,パリノ･サーヴェイ,学習院大学理学部年代測定室,1999,まとめ,23?25,----,大分県文化財調査報告書　第103輯　スポーツ公園内遺跡群発掘調査報告書,大分県教育委員会
42,29642,44：大分県,九池遺跡,大分市大字横尾字九池,9号焼土坑　,炭化材,T,f,旧石器時代?奈良時代･平安時代,----,ABCDE,Gak-20112,β線法,1050,60,----,----,----,----,----,パリノ･サーヴェイ,学習院大学理学部年代測定室,1999,まとめ,23?25,----,大分県文化財調査報告書　第103輯　スポーツ公園内遺跡群発掘調査報告書,大分県教育委員会
43,29641,44：大分県,九池遺跡,大分市大字横尾字九池,8号焼土坑　,炭化材,T,f,旧石器時代?奈良時代･平安時代,----,ABCDE,Gak-20111,β線法,1380,60,----,----,----,----,----,パリノ･サーヴェイ,学習院大学理学部年代測定室,1999,まとめ,23?25,----,大分県文化財調査報告書　第103輯　スポーツ公園内遺跡群発掘調査報告書,大分県教育委員会
44,29636,44：大分県,九池遺跡,大分市大字横尾字九池,1号焼土坑　,炭化材,T,f,旧石器時代?奈良時代･平安時代,----,ABCDE,Gak-20106,β線法,1470,50,----,----,----,----,----,パリノ･サーヴェイ,学習院大学理学部年代測定室,1999,まとめ,23?25,----,大分県文化財調査報告書　第103輯　スポーツ公園内遺跡群発掘調査報告書,大分県教育委員会
45,29846,44：大分県,二本木遺跡,豊後大野市大野町大原字二本木,第56号住居跡内木炭　火災による炭化材,炭化材,T,f,弥生時代後期?古墳時代前期,----,CD,Gak-6882,β線法,2120,40,----,----,----,----,----,----,学習院大学理学部年代測定室,1980,二本木遺跡出土木炭のC14(放射性炭素)年代測定値,241,----,大野原の遺跡　大分県大野地区遺跡群緊急発掘調査報告書総集編　,大野町教育委員会
46,29845,44：大分県,二本木遺跡,豊後大野市大野町大原字二本木,第18号住居跡内木炭　柱穴内の炭化した柱痕,炭化材,T,f,弥生時代後期?古墳時代前期,----,CD,Gak-6881,β線法,1930,30,----,----,----,----,----,----,学習院大学理学部年代測定室,1980,二本木遺跡出土木炭のC14(放射性炭素)年代測定値,241,----,大野原の遺跡　大分県大野地区遺跡群緊急発掘調査報告書総集編　,大野町教育委員会
47,29844,44：大分県,二本木遺跡,豊後大野市大野町大原字二本木,第42号住居跡内木炭,炭化材,T,f,弥生時代後期?古墳時代前期,----,CD,Gak-6880,β線法,2120,50,----,----,----,----,----,----,学習院大学理学部年代測定室,1980,二本木遺跡出土木炭のC14(放射性炭素)年代測定値,241,----,大野原の遺跡　大分県大野地区遺跡群緊急発掘調査報告書総集編　,大野町教育委員会
48,29710,44：大分県,伊藤田田中遺跡,中津市大字伊藤田字田中,試料名:9　遺構:製鉄炉,炭化材,T,f,古代,8世紀前後,E,IAAA-82213,AMS法,1360,30,1364,32,-27.5,0.61,----,加速器分析研究所,加速器分析研究所,2010,伊藤田田中遺跡における放射性炭素年代(AMS測定),164?167,----,大分県教育庁埋蔵文化財センター調査報告書　第49集　国道212号(中津道路)道路改良工事に伴う埋蔵文化財発掘調査報告書(3)　伊藤田田中遺跡･屋敷田遺跡,大分県教育庁埋蔵文化財センター
49,29711,44：大分県,伊藤田田中遺跡,中津市大字伊藤田字田中,試料名;10　遺構:製鉄炉,炭化材,T,f,古代,8世紀前後,E,IAAA-82214,AMS法,1370,40,1371,34,-29.01,0.82,----,加速器分析研究所,加速器分析研究所,2010,伊藤田田中遺跡における放射性炭素年代(AMS測定),164?167,----,大分県教育庁埋蔵文化財センター調査報告書　第49集　国道212号(中津道路)道路改良工事に伴う埋蔵文化財発掘調査報告書(3)　伊藤田田中遺跡･屋敷田遺跡,大分県教育庁埋蔵文化財センター
50,29709,44：大分県,伊藤田田中遺跡,中津市大字伊藤田字田中,試料名:8 瓦器内面　遺構:A区第1号堀,漆,T,i,中世,----,F,IAAA-82212,AMS法,690,30,691,32,-26.33,0.86,----,加速器分析研究所,加速器分析研究所,2010,伊藤田田中遺跡における放射性炭素年代(AMS測定),164?167,----,大分県教育庁埋蔵文化財センター調査報告書　第49集　国道212号(中津道路)道路改良工事に伴う埋蔵文化財発掘調査報告書(3)　伊藤田田中遺跡･屋敷田遺跡,大分県教育庁埋蔵文化財センター
51,29886,44：大分県,佐寺原遺跡(3次調査),日田市大字有田字佐寺原50-1,5号土坑　1.2層,炭化子葉(イチイガシ),T,g,弥生時代中期後葉,----,C,PLD-12398,AMS法,2165,20,2165,20,-23.77,0.25,----,パレオ･ラボ,パレオ・ラボ,2011,放射性炭素年代測定,77?79,----,佐寺原遺跡　ｰ2･3次調査ｰ,日田市教育委員会
52,29888,44：大分県,佐寺原遺跡(3次調査),日田市大字有田字佐寺原50-1,6号土坑,炭化種子(イネ:玄米),T,g,弥生時代中期中葉,----,C,PLD-12741,AMS法,2215,20,2216,22,-26.57,0.2,----,パレオ･ラボ,パレオ・ラボ,2011,放射性炭素年代測定,77?79,----,佐寺原遺跡　ｰ2･3次調査ｰ,日田市教育委員会
53,29887,44：大分県,佐寺原遺跡(3次調査),日田市大字有田字佐寺原50-1,5号土坑　3層　,炭化種子(ササゲ属アズキ亜属アズキ型),T,g,弥生時代中期後葉,----,C,PLD-12399,AMS法,2150,20,2150,20,-23.94,0.15,----,パレオ･ラボ,パレオ・ラボ,2011,放射性炭素年代測定,77?79,----,佐寺原遺跡　ｰ2･3次調査ｰ,日田市教育委員会
54,29889,44：大分県,佐寺原遺跡(3次調査),日田市大字有田字佐寺原50-1,2号竪穴住居跡　炉1層　,炭化種子(イネ:玄米),T,g,弥生時代後期?古墳時代前期,----,C,PLD-12742,AMS法,2060,20,2062,21,-25.47,0.15,----,パレオ･ラボ,パレオ・ラボ,2011,放射性炭素年代測定,77?79,----,佐寺原遺跡　ｰ2･3次調査ｰ,日田市教育委員会
55,29885,44：大分県,佐寺原遺跡(3次調査),日田市大字有田字佐寺原50-1,5号土坑　1.2層,炭化種子(イネ･玄米),T,g,弥生時代中期後葉,----,C,PLD-12397,AMS法,2155,20,2154,21,-23.4,0.24,----,パレオ･ラボ,パレオ・ラボ,2011,放射性炭素年代測定,77?79,----,佐寺原遺跡　ｰ2･3次調査ｰ,日田市教育委員会
56,29645,44：大分県,八坂本庄遺跡(A区),杵築市大字中,3地点下部,土壌,T,k,中世,12世紀、15世紀後半?16世紀,F,Gak-19562,β線法,1560,90,----,----,----,----,----,パリノ･サーヴェイ,学習院大学理学部年代測定室,2003,日野･中条里遺跡の古環境変遷と稲作の消長,119?123,----,大分県文化財調査報告書　第150輯　八坂川河川改修事業に伴う埋蔵文化財発掘調査報告書　八坂の遺跡Ⅲ　考察･付論篇,大分県教育委員会
57,29644,44：大分県,八坂本庄遺跡(A区),杵築市大字中,1地点下部,土壌,T,k,中世,12世紀、15世紀後半?16世紀,F,Gak-19561,β線法,1610,90,----,----,----,----,----,パリノ･サーヴェイ,学習院大学理学部年代測定室,2003,日野･中条里遺跡の古環境変遷と稲作の消長,119?123,----,大分県文化財調査報告書　第150輯　八坂川河川改修事業に伴う埋蔵文化財発掘調査報告書　八坂の遺跡Ⅲ　考察･付論篇,大分県教育委員会
58,29647,44：大分県,八坂本庄遺跡(B区),杵築市大字本庄小字浜、前田ほか,試料番号:8　黒色粘質土Ⅱの下部,土壌,T,k,古墳時代,9世紀,D,Gak-20388,β線法,180,70,----,----,----,----,-20.8,パリノ･サーヴェイ,学習院大学理学部年代測定室,2003,八坂本庄遺跡14C年代測定,164?166,----,大分県文化財調査報告書　第150輯　八坂川河川改修事業に伴う埋蔵文化財発掘調査報告書　八坂の遺跡Ⅲ　考察･付論篇,大分県教育委員会
59,29651,44：大分県,八坂本庄遺跡(B区),杵築市大字本庄小字浜、前田ほか,試料番号:1　9C代水田層中,木材,T,d,平安時代,9世紀,E,Gak-20391,β線法,1160,70,----,----,----,----,-32.2,パリノ･サーヴェイ,学習院大学理学部年代測定室,2003,八坂本庄遺跡14C年代測定,164?166,----,大分県文化財調査報告書　第150輯　八坂川河川改修事業に伴う埋蔵文化財発掘調査報告書　八坂の遺跡Ⅲ　考察･付論篇,大分県教育委員会
60,29652,44：大分県,八坂本庄遺跡(B区),杵築市大字本庄小字浜、前田ほか,試料番号:2　試料番号23の上位,木材,T,d,平安時代,9世紀,E,Gak-20392,β線法,1510,90,----,----,----,----,-30.4,パリノ･サーヴェイ,学習院大学理学部年代測定室,2003,八坂本庄遺跡14C年代測定,164?166,----,大分県文化財調査報告書　第150輯　八坂川河川改修事業に伴う埋蔵文化財発掘調査報告書　八坂の遺跡Ⅲ　考察･付論篇,大分県教育委員会
61,29650,44：大分県,八坂本庄遺跡(B区),杵築市大字本庄小字浜、前田ほか,試料番号:23　古墳時代前期包含層の上位,土壌,T,k,平安時代,9世紀,E,Gak-20390,β線法,1560,80,----,----,----,----,-33.5,パリノ･サーヴェイ,学習院大学理学部年代測定室,2003,八坂本庄遺跡14C年代測定,164?166,----,大分県文化財調査報告書　第150輯　八坂川河川改修事業に伴う埋蔵文化財発掘調査報告書　八坂の遺跡Ⅲ　考察･付論篇,大分県教育委員会
62,29649,44：大分県,八坂本庄遺跡(B区),杵築市大字本庄小字浜、前田ほか,試料番号:15　黒色粘質土層Ⅰの下位砂層,土壌,T,k,平安時代,9世紀,E,Gak-20389,β線法,1840,70,----,----,----,----,-30.6,パリノ･サーヴェイ,学習院大学理学部年代測定室,2003,八坂本庄遺跡14C年代測定,164?166,----,大分県文化財調査報告書　第150輯　八坂川河川改修事業に伴う埋蔵文化財発掘調査報告書　八坂の遺跡Ⅲ　考察･付論篇,大分県教育委員会
63,29648,44：大分県,八坂本庄遺跡(B区),杵築市大字本庄小字浜、前田ほか,試料番号:14　黒色粘質土層Ⅰ,土壌,T,k,平安時代,9世紀,E,Beta-134266,AMS法,1470,40,----,----,----,----,-27.9,パリノ･サーヴェイ,Beta Analytic Inc.,2003,八坂本庄遺跡14C年代測定,164?166,----,大分県文化財調査報告書　第150輯　八坂川河川改修事業に伴う埋蔵文化財発掘調査報告書　八坂の遺跡Ⅲ　考察･付論篇,大分県教育委員会
64,29646,44：大分県,八坂本庄遺跡(B区),杵築市大字本庄小字浜、前田ほか,試料番号:4　黒色粘質土Ⅱの下部,土壌,T,k,古墳時代,9世紀,D,Gak-20387,β線法,1580,50,----,----,----,----,-27.4,パリノ･サーヴェイ,学習院大学理学部年代測定室,2003,八坂本庄遺跡14C年代測定,164?166,----,大分県文化財調査報告書　第150輯　八坂川河川改修事業に伴う埋蔵文化財発掘調査報告書　八坂の遺跡Ⅲ　考察･付論篇,大分県教育委員会
65,29730,44：大分県,加原遺跡,豊後大野市大野町桑原字加原,資料2　堆積層　5地点,炭化材(ヤマグワ),T,f,弥生時代?古墳時代,----,CD,IAAA-122617,AMS法,1520,20,1520,21,-32.67,0.3,----,パリノ･サーヴェイ,加速器分析研究所,2014,放射性炭素年代測定,153?155,----,加原遺跡　一般国道57号大野竹田道路建設工事に伴う埋蔵文化財発掘調査報告書(1)　大分県教育庁埋蔵文化財センター調査報告書　第73集,大分県教育庁埋蔵文化財センター
66,29729,44：大分県,加原遺跡,豊後大野市大野町桑原字加原,資料1　堆積層　5地点,炭化材(モミ属),T,f,弥生時代?古墳時代,----,CD,IAAA-122616,AMS法,1530,20,1526,22,-27.65,0.31,----,パリノ･サーヴェイ,加速器分析研究所,2014,放射性炭素年代測定,153?155,----,加原遺跡　一般国道57号大野竹田道路建設工事に伴う埋蔵文化財発掘調査報告書(1)　大分県教育庁埋蔵文化財センター調査報告書　第73集,大分県教育庁埋蔵文化財センター
67,29852,44：大分県,加来東遺跡,中津市大字加来,S-1南壁　9層　イチイガシ果実複数個体出土,果実(イチイガシ）,T,e,縄文時代晩期後半,----,B,PLD-21210,AMS法,4705,25,4704,23,-26.61,0.16,----,伊藤茂･安昭炫･佐藤正教･廣田正史･山形秀樹･小林紘一･Zaur　Lomtatidze･Ineza　Jorjoliani･藤根久,パレオ・ラボ,2013,放射性炭素年代測定,22?25,----,加来東遺跡　市道加来黒水線新設工事に伴う埋蔵文化財発掘調査報告書(2)　中津市文化財調査報告　第62集　,中津市教育委員会
68,29853,44：大分県,加来東遺跡,中津市大字加来,S-1南壁　7層　漆塗り土器(浅鉢)　②口縁部内面,漆塗り土器の漆膜(赤褐色),T,i,縄文時代晩期,----,B,PLD-21211,AMS法,2820,20,2819,20,-29.39,0.15,----,伊藤茂･安昭炫･佐藤正教･廣田正史･山形秀樹･小林紘一･Zaur　Lomtatidze･Ineza　Jorjoliani･藤根久,パレオ・ラボ,2013,放射性炭素年代測定,22?25,----,加来東遺跡　市道加来黒水線新設工事に伴う埋蔵文化財発掘調査報告書(2)　中津市文化財調査報告　第62集　,中津市教育委員会
69,29851,44：大分県,加来東遺跡,中津市大字加来,S-3一括　12トレンチ　イチイガシ果実複数個体出土,果実(イチイガシ）,T,e,縄文時代晩期後半,----,B,PLD-21209,AMS法,4730,25,4729,23,-27.17,0.15,----,伊藤茂･安昭炫･佐藤正教･廣田正史･山形秀樹･小林紘一･Zaur　Lomtatidze･Ineza　Jorjoliani･藤根久,パレオ・ラボ,2013,放射性炭素年代測定,22?25,----,加来東遺跡　市道加来黒水線新設工事に伴う埋蔵文化財発掘調査報告書(2)　中津市文化財調査報告　第62集　,中津市教育委員会
70,29797,44：大分県,南金池遺跡,大分市顕徳町１丁目,試料№5　3SE002水溜部　刳抜き井筒　Code№9100-2,木材(イスノキ),T,d,古代,9世紀前半,E,IAA-920,β線法,1340,100,1340,104,----,----,-28.1,パリノ・サーヴェイ,加速器分析研究所,2006,南金池遺跡から出土した木材･炭化材の年代と樹種,79?82,----,南金池遺跡　大分駅周辺総合整備事業に伴う埋蔵文化財発掘調査報告書3,大分市教育委員会
71,29798,44：大分県,南金池遺跡,大分市顕徳町１丁目,試料№9　2SX067　2層　Code№9100-3,炭化材(コナラ属アカガシ亜属),T,f,古代,----,E,IAA-921,β線法,1840,80,1843,78,----,----,-26.1,パリノ・サーヴェイ,加速器分析研究所,2006,南金池遺跡から出土した木材･炭化材の年代と樹種,79?82,----,南金池遺跡　大分駅周辺総合整備事業に伴う埋蔵文化財発掘調査報告書3,大分市教育委員会
72,29796,44：大分県,南金池遺跡,大分市顕徳町１丁目,試料№1　2SE077井戸水溜部　刳抜き井筒(厚)　Code№9100-1,木材(クスノキ),T,d,古代,8世紀末?9世紀前半,E,IAA-919,β線法,1830,80,1836,79,----,----,-26.5,パリノ・サーヴェイ,加速器分析研究所,2006,南金池遺跡から出土した木材･炭化材の年代と樹種,79?82,----,南金池遺跡　大分駅周辺総合整備事業に伴う埋蔵文化財発掘調査報告書3,大分市教育委員会
73,29736,44：大分県,四日市遺跡,玖珠郡玖珠町大字四日市字上の原,----,トチノキ子葉,T,e,弥生時代中期,----,C,PLD-5061？,AMS法,2170,40,----,----,----,----,----,----,パレオ・ラボ,2017,四日市遺跡の14C年代測定,309?310,----,四日市遺跡Ⅰ　玖珠工業団地造成事業に伴う埋蔵文化財発掘調査報告書(1)　大分県教育庁埋蔵文化財センター発掘調査報告書　第95集　,大分県教育庁埋蔵文化財センター
74,28621,44：大分県,大石遺跡,豊後大野市緒方町大石,試料:3,炭化材,T,f,縄文時代晩期?弥生時代前期,御領式土器,BC,不明,β線法,2770,120,----,----,----,----,----,坂田邦洋,不明,1975,要約,64?74,----,対馬の遺跡,縄文文化研究会
75,4125,44：大分県,大肥条里遺跡地区,日田市,----,漆漆膜,T,i,弥生時代中期,須玖Ⅰ式,C,MTC-03786,AMS法,2210,35,----,----,-49.3,----,----,学術創成研究グループ,東京大学大学院工学系研究科タンデム加速器研究施設,2009,地域別測定データ,139-524,FJ-148,弥生農耕の起源と東アジア-炭素14年代測定による高精度編年体系の構築-平成16～20年文部科学省・科学研究費学術創成研究費　研究成果報告書,国立歴史民俗博物館
76,588,44：大分県,大肥条里遺跡地区,日田市大字大肥字方司口他,----,漆漆膜,T,i,弥生時代中期,須玖Ⅰ式,C,MTC-04311,AMS法,2200,35,----,----,-26.3,----,----,学術創成研究グループ,東京大学大学院工学系研究科タンデム加速器研究施設,2009,地域別測定データ,139-524,FJ-0147,弥生農耕の起源と東アジア-炭素14年代測定による高精度編年体系の構築-平成16～20年文部科学省・科学研究費学術創成研究費　研究成果報告書,国立歴史民俗博物館
77,2940,44：大分県,大道遺跡24次,大分市東大道１丁目２５１２－１他,SE008,木材，ウイグルマッチング，クスノキ内から25層,T,d,古墳時代前期,布留0式新,D,PLD-10986,AMS法,1800,20,----,----,-30.66,0.15,----,学術創成研究グループ,パレオ・ラボ,2009,地域別測定データ,139-524,OIOM-C1 25,弥生農耕の起源と東アジア-炭素14年代測定による高精度編年体系の構築-平成16～20年文部科学省・科学研究費学術創成研究費　研究成果報告書,国立歴史民俗博物館
78,2941,44：大分県,大道遺跡24次,大分市東大道１丁目２５１２－１他,SE008,木材，ウイグルマッチング，クスノキ内から45層,T,d,古墳時代前期,布留0式新,D,PLD-10987,AMS法,1830,25,----,----,-30.47,0.14,----,学術創成研究グループ,パレオ・ラボ,2009,地域別測定データ,139-524,OIOM-C1 45,弥生農耕の起源と東アジア-炭素14年代測定による高精度編年体系の構築-平成16～20年文部科学省・科学研究費学術創成研究費　研究成果報告書,国立歴史民俗博物館
79,2943,44：大分県,大道遺跡24次,大分市東大道１丁目２５１２－１他,SE008,木材，ウイグルマッチング，クスノキ内から85層,T,d,古墳時代前期,布留0式新,D,PLD-10989,AMS法,1830,20,----,----,-29.6,0.19,----,学術創成研究グループ,パレオ・ラボ,2009,地域別測定データ,139-524,OIOM-C1 85,弥生農耕の起源と東アジア-炭素14年代測定による高精度編年体系の構築-平成16～20年文部科学省・科学研究費学術創成研究費　研究成果報告書,国立歴史民俗博物館
80,2945,44：大分県,大道遺跡24次,大分市東大道１丁目２５１２－１他,SE008,木材，ウイグルマッチング，クスノキ内から105層,T,d,古墳時代前期,布留0式新,D,MTC-10994,AMS法,1725,40,----,----,-30.2,3.9,----,学術創成研究グループ,東京大学大学院工学系研究科タンデム加速器研究施設,2009,地域別測定データ,139-524,OIOM-C1 105 (t),弥生農耕の起源と東アジア-炭素14年代測定による高精度編年体系の構築-平成16～20年文部科学省・科学研究費学術創成研究費　研究成果報告書,国立歴史民俗博物館
81,2944,44：大分県,大道遺跡24次,大分市東大道１丁目２５１２－１他,SE008,木材，ウイグルマッチング，クスノキ内から105層,T,d,古墳時代前期,布留0式新,D,PLD-10990,AMS法,1695,20,----,----,-32.3,0.17,----,学術創成研究グループ,パレオ・ラボ,2009,地域別測定データ,139-524,OIOM-C1 105,弥生農耕の起源と東アジア-炭素14年代測定による高精度編年体系の構築-平成16～20年文部科学省・科学研究費学術創成研究費　研究成果報告書,国立歴史民俗博物館
82,2942,44：大分県,大道遺跡24次,大分市東大道１丁目２５１２－１他,SE008,木材，ウイグルマッチング，クスノキ内から65層,T,d,古墳時代前期,布留0式新,D,PLD-10988,AMS法,1795,20,----,----,-31.24,0.13,----,学術創成研究グループ,パレオ・ラボ,2009,地域別測定データ,139-524,OIOM-C1 65,弥生農耕の起源と東アジア-炭素14年代測定による高精度編年体系の構築-平成16～20年文部科学省・科学研究費学術創成研究費　研究成果報告書,国立歴史民俗博物館
83,2939,44：大分県,大道遺跡24次,大分市東大道１丁目２５１２－１他,SE008,木材，ウイグルマッチング，クスノキ内から5層,T,d,古墳時代前期,布留0式新,D,PLD-10985,AMS法,1800,25,----,----,-31.3,0.19,----,学術創成研究グループ,パレオ・ラボ,2009,地域別測定データ,139-524,OIOM-C1 5,弥生農耕の起源と東アジア-炭素14年代測定による高精度編年体系の構築-平成16～20年文部科学省・科学研究費学術創成研究費　研究成果報告書,国立歴史民俗博物館
84,29831,44：大分県,大道遺跡群,大分市金池南1丁目,試料採取年輪位置（中心=1）:105,木材（臼･クスノキ）,T,d,古墳時代前期初頭,布留1式,D,MTC-10990,AMS法,1725,40,----,----,----,----,----,藤尾慎一郎･今村峯雄･坂本稔,東京大学,2010,大分市大道遺跡群第24次調査出土臼と土器の年代学的調査,179?191,ウィグルマッチング,大道遺跡群3　-大分駅周辺総合整備事業に伴う埋蔵文化財発掘調査報告書6-,大分市教育委員会
85,29833,44：大分県,大道遺跡群,大分市金池南1丁目,試料採取年輪位置（中心=1）:85,木材（臼･クスノキ）,T,d,古墳時代前期初頭,布留1式,D,PLD-10989,AMS法,1830,20,----,----,----,----,----,藤尾慎一郎･今村峯雄･坂本稔,パレオ・ラボ,2010,大分市大道遺跡群第24次調査出土臼と土器の年代学的調査,179?191,ウィグルマッチング,大道遺跡群3　-大分駅周辺総合整備事業に伴う埋蔵文化財発掘調査報告書6-,大分市教育委員会
86,29835,44：大分県,大道遺跡群,大分市金池南1丁目,試料採取年輪位置（中心=1）:75,木材（臼･クスノキ）,T,d,古墳時代前期初頭,布留1式,D,PLD-13132,AMS法,1800,25,1800,23,----,----,----,藤尾慎一郎･今村峯雄･坂本稔,パレオ・ラボ,2010,大分市大道遺跡群第24次調査出土臼と土器の年代学的調査,179?191,ウィグルマッチング,大道遺跡群3　-大分駅周辺総合整備事業に伴う埋蔵文化財発掘調査報告書6-,大分市教育委員会
87,29839,44：大分県,大道遺跡群,大分市金池南1丁目,試料採取年輪位置（中心=1）:45,木材（臼･クスノキ）,T,d,古墳時代前期初頭,布留1式,D,PLD-10987,AMS法,1830,25,----,----,----,----,----,藤尾慎一郎･今村峯雄･坂本稔,パレオ・ラボ,2010,大分市大道遺跡群第24次調査出土臼と土器の年代学的調査,179?191,ウィグルマッチング,大道遺跡群3　-大分駅周辺総合整備事業に伴う埋蔵文化財発掘調査報告書6-,大分市教育委員会
88,29841,44：大分県,大道遺跡群,大分市金池南1丁目,試料採取年輪位置（中心=1）:25,木材（臼･クスノキ）,T,d,古墳時代前期初頭,布留1式,D,PLD-10986,AMS法,1800,20,----,----,----,----,----,藤尾慎一郎･今村峯雄･坂本稔,パレオ・ラボ,2010,大分市大道遺跡群第24次調査出土臼と土器の年代学的調査,179?191,ウィグルマッチング,大道遺跡群3　-大分駅周辺総合整備事業に伴う埋蔵文化財発掘調査報告書6-,大分市教育委員会
89,29843,44：大分県,大道遺跡群,大分市金池南1丁目,試料採取年輪位置（中心=1）:5,木材（臼･クスノキ）,T,d,古墳時代前期初頭,布留1式,D,PLD-10985,AMS法,1800,25,----,----,----,----,----,藤尾慎一郎･今村峯雄･坂本稔,パレオ・ラボ,2010,大分市大道遺跡群第24次調査出土臼と土器の年代学的調査,179?191,ウィグルマッチング,大道遺跡群3　-大分駅周辺総合整備事業に伴う埋蔵文化財発掘調査報告書6-,大分市教育委員会
90,29842,44：大分県,大道遺跡群,大分市金池南1丁目,試料採取年輪位置（中心=1）:15,木材（臼･クスノキ）,T,d,古墳時代前期初頭,布留1式,D,PLD-13128,AMS法,1870,20,1872,21,----,----,----,藤尾慎一郎･今村峯雄･坂本稔,パレオ・ラボ,2010,大分市大道遺跡群第24次調査出土臼と土器の年代学的調査,179?191,ウィグルマッチング,大道遺跡群3　-大分駅周辺総合整備事業に伴う埋蔵文化財発掘調査報告書6-,大分市教育委員会
91,29840,44：大分県,大道遺跡群,大分市金池南1丁目,試料採取年輪位置（中心=1）:35,木材（臼･クスノキ）,T,d,古墳時代前期初頭,布留1式,D,PLD-13129,AMS法,1840,20,1839,21,----,----,----,藤尾慎一郎･今村峯雄･坂本稔,パレオ・ラボ,2010,大分市大道遺跡群第24次調査出土臼と土器の年代学的調査,179?191,ウィグルマッチング,大道遺跡群3　-大分駅周辺総合整備事業に伴う埋蔵文化財発掘調査報告書6-,大分市教育委員会
92,29838,44：大分県,大道遺跡群,大分市金池南1丁目,試料採取年輪位置（中心=1）:55,木材（臼･クスノキ）,T,d,古墳時代前期初頭,布留1式,D,PLD-13130,AMS法,1800,20,1802,21,----,----,----,藤尾慎一郎･今村峯雄･坂本稔,パレオ・ラボ,2010,大分市大道遺跡群第24次調査出土臼と土器の年代学的調査,179?191,ウィグルマッチング,大道遺跡群3　-大分駅周辺総合整備事業に伴う埋蔵文化財発掘調査報告書6-,大分市教育委員会
93,29837,44：大分県,大道遺跡群,大分市金池南1丁目,試料採取年輪位置（中心=1）:65,木材（臼･クスノキ）,T,d,古墳時代前期初頭,布留1式,D,PLD-13131,AMS法,1850,20,1849,22,----,----,----,藤尾慎一郎･今村峯雄･坂本稔,パレオ・ラボ,2010,大分市大道遺跡群第24次調査出土臼と土器の年代学的調査,179?191,ウィグルマッチング,大道遺跡群3　-大分駅周辺総合整備事業に伴う埋蔵文化財発掘調査報告書6-,大分市教育委員会
94,29836,44：大分県,大道遺跡群,大分市金池南1丁目,試料採取年輪位置（中心=1）:65,木材（臼･クスノキ）,T,d,古墳時代前期初頭,布留1式,D,PLD-10988,AMS法,1795,20,----,----,----,----,----,藤尾慎一郎･今村峯雄･坂本稔,パレオ・ラボ,2010,大分市大道遺跡群第24次調査出土臼と土器の年代学的調査,179?191,ウィグルマッチング,大道遺跡群3　-大分駅周辺総合整備事業に伴う埋蔵文化財発掘調査報告書6-,大分市教育委員会
95,29834,44：大分県,大道遺跡群,大分市金池南1丁目,試料採取年輪位置（中心=1）:85,木材（臼･クスノキ）,T,d,古墳時代前期初頭,布留1式,D,PLD-13133,AMS法,1740,20,1739,21,----,----,----,藤尾慎一郎･今村峯雄･坂本稔,パレオ・ラボ,2010,大分市大道遺跡群第24次調査出土臼と土器の年代学的調査,179?191,ウィグルマッチング,大道遺跡群3　-大分駅周辺総合整備事業に伴う埋蔵文化財発掘調査報告書6-,大分市教育委員会
96,29832,44：大分県,大道遺跡群,大分市金池南1丁目,試料採取年輪位置（中心=1）:95,木材（臼･クスノキ）,T,d,古墳時代前期初頭,布留1式,D,PLD-13134,AMS法,1730,20,1729,21,----,----,----,藤尾慎一郎･今村峯雄･坂本稔,パレオ・ラボ,2010,大分市大道遺跡群第24次調査出土臼と土器の年代学的調査,179?191,ウィグルマッチング,大道遺跡群3　-大分駅周辺総合整備事業に伴う埋蔵文化財発掘調査報告書6-,大分市教育委員会
97,29830,44：大分県,大道遺跡群,大分市金池南1丁目,試料採取年輪位置（中心=1）:105,木材（臼･クスノキ）,T,d,古墳時代前期初頭,布留1式,D,PLD-10994,AMS法,1695,20,----,----,----,----,----,藤尾慎一郎･今村峯雄･坂本稔,パレオ・ラボ,2010,大分市大道遺跡群第24次調査出土臼と土器の年代学的調査,179?191,ウィグルマッチング,大道遺跡群3　-大分駅周辺総合整備事業に伴う埋蔵文化財発掘調査報告書6-,大分市教育委員会
98,29776,44：大分県,宮苑井ノ口遺跡,大分市大字宮苑井ノ口,試料名:№5　Ⅰ区S-05a層C-3,堆積物(土壌),T,k,弥生時代中期?古代,----,CDE,Beta-200262,AMS法,1300,40,----,----,----,----,-21.5,古環境研究所,Beta Analytic Inc.,2005,大分市､宮苑井ノ口遺跡における放射性炭素年代測定,192?195,----,宮苑井ノ口遺跡　第2次･第3次発掘調査報告書　-大分都市計画事業賀来西土地区画整理事業に伴う発掘調査報告書-　,大分市教育委員会
99,29773,44：大分県,宮苑井ノ口遺跡,大分市大字宮苑井ノ口,試料名:№2　Ⅰ区S-04a層C-6,炭化物,T,h,弥生時代中期?古代,----,CDE,Beta-200259,AMS法,2110,40,----,----,----,----,-26.1,古環境研究所,Beta Analytic Inc.,2005,大分市､宮苑井ノ口遺跡における放射性炭素年代測定,192?195,----,宮苑井ノ口遺跡　第2次･第3次発掘調査報告書　-大分都市計画事業賀来西土地区画整理事業に伴う発掘調査報告書-　,大分市教育委員会
100,29775,44：大分県,宮苑井ノ口遺跡,大分市大字宮苑井ノ口,試料名:№4　Ⅰ区S-04a層D-6,炭化物,T,h,弥生時代中期?古代,----,CDE,Beta-200261,AMS法,1840,50,----,----,----,----,-26.6,古環境研究所,Beta Analytic Inc.,2005,大分市､宮苑井ノ口遺跡における放射性炭素年代測定,192?195,----,宮苑井ノ口遺跡　第2次･第3次発掘調査報告書　-大分都市計画事業賀来西土地区画整理事業に伴う発掘調査報告書-　,大分市教育委員会
101,29774,44：大分県,宮苑井ノ口遺跡,大分市大字宮苑井ノ口,試料名:№3　Ⅰ区S-04a層C･D-5,炭化物,T,h,弥生時代中期?古代,----,CDE,Beta-200260,AMS法,2200,40,----,----,----,----,-26.2,古環境研究所,Beta Analytic Inc.,2005,大分市､宮苑井ノ口遺跡における放射性炭素年代測定,192?195,----,宮苑井ノ口遺跡　第2次･第3次発掘調査報告書　-大分都市計画事業賀来西土地区画整理事業に伴う発掘調査報告書-　,大分市教育委員会
102,29777,44：大分県,宮苑井ノ口遺跡,大分市大字宮苑井ノ口,試料名:№6　Ⅰ区S-05a層C-3,炭化物,T,h,弥生時代中期?古代,----,CDE,Beta-200263,AMS法,940,40,----,----,----,----,-25.3,古環境研究所,Beta Analytic Inc.,2005,大分市､宮苑井ノ口遺跡における放射性炭素年代測定,192?195,----,宮苑井ノ口遺跡　第2次･第3次発掘調査報告書　-大分都市計画事業賀来西土地区画整理事業に伴う発掘調査報告書-　,大分市教育委員会
103,29779,44：大分県,宮苑井ノ口遺跡,大分市大字宮苑井ノ口,試料名:№8　Ⅱb区S-01層I-31,炭化物,T,h,古代?中世,----,EF,Beta-200265,AMS法,1940,40,----,----,----,----,-25.1,古環境研究所,Beta Analytic Inc.,2005,大分市､宮苑井ノ口遺跡における放射性炭素年代測定,192?195,----,宮苑井ノ口遺跡　第2次･第3次発掘調査報告書　-大分都市計画事業賀来西土地区画整理事業に伴う発掘調査報告書-　,大分市教育委員会
104,29781,44：大分県,宮苑井ノ口遺跡,大分市大字宮苑井ノ口,試料名:№10　Ⅱb区S-01層H･I-29,堆積物(土壌),T,k,古代?中世,----,EF,Beta-200267,AMS法,1260,40,----,----,----,----,-23.1,古環境研究所,Beta Analytic Inc.,2005,大分市､宮苑井ノ口遺跡における放射性炭素年代測定,192?195,----,宮苑井ノ口遺跡　第2次･第3次発掘調査報告書　-大分都市計画事業賀来西土地区画整理事業に伴う発掘調査報告書-　,大分市教育委員会
105,29783,44：大分県,宮苑井ノ口遺跡,大分市大字宮苑井ノ口,試料名:№12　Ⅱb区S-02b層I-33,樹木,T,d,古代?中世,----,EF,Beta-200269,AMS法,960,50,----,----,----,----,-26.2,古環境研究所,Beta Analytic Inc.,2005,大分市､宮苑井ノ口遺跡における放射性炭素年代測定,192?195,----,宮苑井ノ口遺跡　第2次･第3次発掘調査報告書　-大分都市計画事業賀来西土地区画整理事業に伴う発掘調査報告書-　,大分市教育委員会
106,29785,44：大分県,宮苑井ノ口遺跡,大分市大字宮苑井ノ口,試料名:№14　Ⅱb区S-03b層I･J-37,炭化物,T,h,古代?中世,----,EF,Beta-200258？,AMS法,870,40,----,----,----,----,-26.7,古環境研究所,Beta Analytic Inc.,2005,大分市､宮苑井ノ口遺跡における放射性炭素年代測定,192?195,----,宮苑井ノ口遺跡　第2次･第3次発掘調査報告書　-大分都市計画事業賀来西土地区画整理事業に伴う発掘調査報告書-　,大分市教育委員会
107,29787,44：大分県,宮苑井ノ口遺跡,大分市大字宮苑井ノ口,試料名:№16　Ⅲ区S-01a層B-22,炭化物,T,h,古代?中世,----,EF,Beta-200273,AMS法,980,40,----,----,----,----,-27.9,古環境研究所,Beta Analytic Inc.,2005,大分市､宮苑井ノ口遺跡における放射性炭素年代測定,192?195,----,宮苑井ノ口遺跡　第2次･第3次発掘調査報告書　-大分都市計画事業賀来西土地区画整理事業に伴う発掘調査報告書-　,大分市教育委員会
108,29789,44：大分県,宮苑井ノ口遺跡,大分市大字宮苑井ノ口,試料名:№18　Ⅲ区S-02a層A-22,堆積物(土壌),T,k,古代?中世,----,EF,Beta-200275,AMS法,1360,40,----,----,----,----,-22.2,古環境研究所,Beta Analytic Inc.,2005,大分市､宮苑井ノ口遺跡における放射性炭素年代測定,192?195,----,宮苑井ノ口遺跡　第2次･第3次発掘調査報告書　-大分都市計画事業賀来西土地区画整理事業に伴う発掘調査報告書-　,大分市教育委員会
109,29791,44：大分県,宮苑井ノ口遺跡,大分市大字宮苑井ノ口,試料名:№20　Ⅲ区S-03a層D-22,炭化物,T,h,古代?中世,----,EF,Beta-200277,AMS法,1000,40,----,----,----,----,-26.2,古環境研究所,Beta Analytic Inc.,2005,大分市､宮苑井ノ口遺跡における放射性炭素年代測定,192?195,----,宮苑井ノ口遺跡　第2次･第3次発掘調査報告書　-大分都市計画事業賀来西土地区画整理事業に伴う発掘調査報告書-　,大分市教育委員会
110,29793,44：大分県,宮苑井ノ口遺跡,大分市大字宮苑井ノ口,試料名:№22　Ⅲ区S-03a層,堆積物(土壌),T,k,古代?中世,----,EF,Beta-200279,AMS法,1350,50,----,----,----,----,-22.2,古環境研究所,Beta Analytic Inc.,2005,大分市､宮苑井ノ口遺跡における放射性炭素年代測定,192?195,----,宮苑井ノ口遺跡　第2次･第3次発掘調査報告書　-大分都市計画事業賀来西土地区画整理事業に伴う発掘調査報告書-　,大分市教育委員会
111,29795,44：大分県,宮苑井ノ口遺跡,大分市大字宮苑井ノ口,試料名:№24　Ⅲ区S-04b層A-22,炭化物,T,h,古代?中世,----,EF,Beta-200281,AMS法,1310,40,----,----,----,----,-27.3,古環境研究所,Beta Analytic Inc.,2005,大分市､宮苑井ノ口遺跡における放射性炭素年代測定,192?195,----,宮苑井ノ口遺跡　第2次･第3次発掘調査報告書　-大分都市計画事業賀来西土地区画整理事業に伴う発掘調査報告書-　,大分市教育委員会
112,29794,44：大分県,宮苑井ノ口遺跡,大分市大字宮苑井ノ口,試料名:№23　Ⅲ区S-04a層C-22,炭化物,T,h,古代?中世,----,EF,Beta-200280,AMS法,4750,40,----,----,----,----,-27.1,古環境研究所,Beta Analytic Inc.,2005,大分市､宮苑井ノ口遺跡における放射性炭素年代測定,192?195,----,宮苑井ノ口遺跡　第2次･第3次発掘調査報告書　-大分都市計画事業賀来西土地区画整理事業に伴う発掘調査報告書-　,大分市教育委員会
113,29792,44：大分県,宮苑井ノ口遺跡,大分市大字宮苑井ノ口,試料名:№21　Ⅲ区S-03a層A-22,樹木,T,d,古代?中世,----,EF,Beta-200278,AMS法,1250,40,----,----,----,----,-26.4,古環境研究所,Beta Analytic Inc.,2005,大分市､宮苑井ノ口遺跡における放射性炭素年代測定,192?195,----,宮苑井ノ口遺跡　第2次･第3次発掘調査報告書　-大分都市計画事業賀来西土地区画整理事業に伴う発掘調査報告書-　,大分市教育委員会
114,29790,44：大分県,宮苑井ノ口遺跡,大分市大字宮苑井ノ口,試料名:№19　Ⅲ区S-02a層C-22,堆積物(土壌),T,k,古代?中世,----,EF,Beta-200276,AMS法,1320,40,----,----,----,----,-22.6,古環境研究所,Beta Analytic Inc.,2005,大分市､宮苑井ノ口遺跡における放射性炭素年代測定,192?195,----,宮苑井ノ口遺跡　第2次･第3次発掘調査報告書　-大分都市計画事業賀来西土地区画整理事業に伴う発掘調査報告書-　,大分市教育委員会
115,29788,44：大分県,宮苑井ノ口遺跡,大分市大字宮苑井ノ口,試料名:№17　Ⅲ区中央S-01a層,炭化物,T,h,古代?中世,----,EF,Beta-200274,AMS法,1050,40,----,----,----,----,-25.8,古環境研究所,Beta Analytic Inc.,2005,大分市､宮苑井ノ口遺跡における放射性炭素年代測定,192?195,----,宮苑井ノ口遺跡　第2次･第3次発掘調査報告書　-大分都市計画事業賀来西土地区画整理事業に伴う発掘調査報告書-　,大分市教育委員会
116,29786,44：大分県,宮苑井ノ口遺跡,大分市大字宮苑井ノ口,試料名:№15　Ⅲ区南端S-01a層,堆積物(土壌),T,k,古代?中世,----,EF,Beta-200272,AMS法,1280,40,----,----,----,----,-22.6,古環境研究所,Beta Analytic Inc.,2005,大分市､宮苑井ノ口遺跡における放射性炭素年代測定,192?195,----,宮苑井ノ口遺跡　第2次･第3次発掘調査報告書　-大分都市計画事業賀来西土地区画整理事業に伴う発掘調査報告書-　,大分市教育委員会
117,29784,44：大分県,宮苑井ノ口遺跡,大分市大字宮苑井ノ口,試料名:№13　Ⅱb区S-03b層H･I-27,堆積物(土壌),T,k,古代?中世,----,EF,Beta-200270,AMS法,1460,40,----,----,----,----,-21.6,古環境研究所,Beta Analytic Inc.,2005,大分市､宮苑井ノ口遺跡における放射性炭素年代測定,192?195,----,宮苑井ノ口遺跡　第2次･第3次発掘調査報告書　-大分都市計画事業賀来西土地区画整理事業に伴う発掘調査報告書-　,大分市教育委員会
118,29782,44：大分県,宮苑井ノ口遺跡,大分市大字宮苑井ノ口,試料名:№11　Ⅱb区S-01層H-28,炭化物,T,h,古代?中世,----,EF,Beta-200268,AMS法,670,40,----,----,----,----,-26.6,古環境研究所,Beta Analytic Inc.,2005,大分市､宮苑井ノ口遺跡における放射性炭素年代測定,192?195,----,宮苑井ノ口遺跡　第2次･第3次発掘調査報告書　-大分都市計画事業賀来西土地区画整理事業に伴う発掘調査報告書-　,大分市教育委員会
119,29780,44：大分県,宮苑井ノ口遺跡,大分市大字宮苑井ノ口,試料名:№9　Ⅱb区S-02a層H･I-30,堆積物(土壌),T,k,古代?中世,----,EF,Beta-200266,AMS法,1490,40,----,----,----,----,-22.7,古環境研究所,Beta Analytic Inc.,2005,大分市､宮苑井ノ口遺跡における放射性炭素年代測定,192?195,----,宮苑井ノ口遺跡　第2次･第3次発掘調査報告書　-大分都市計画事業賀来西土地区画整理事業に伴う発掘調査報告書-　,大分市教育委員会
120,29778,44：大分県,宮苑井ノ口遺跡,大分市大字宮苑井ノ口,試料名:№7　Ⅱa区東S-01a層,堆積物(土壌),T,k,古代?中世,----,EF,Beta-200264,AMS法,1350,50,----,----,----,----,-22.5,古環境研究所,Beta Analytic Inc.,2005,大分市､宮苑井ノ口遺跡における放射性炭素年代測定,192?195,----,宮苑井ノ口遺跡　第2次･第3次発掘調査報告書　-大分都市計画事業賀来西土地区画整理事業に伴う発掘調査報告書-　,大分市教育委員会
121,29772,44：大分県,宮苑井ノ口遺跡,大分市大字宮苑井ノ口,試料名:№1　Ⅰ区S-04a層B-6,炭化物,T,h,弥生時代中期?古代,----,CDE,Beta-200258,AMS法,2080,40,----,----,----,----,-24.8,古環境研究所,Beta Analytic Inc.,2005,大分市､宮苑井ノ口遺跡における放射性炭素年代測定,192?195,----,宮苑井ノ口遺跡　第2次･第3次発掘調査報告書　-大分都市計画事業賀来西土地区画整理事業に伴う発掘調査報告書-　,大分市教育委員会
122,29898,44：大分県,山ノ神(二串)遺跡,日田市大字二串,1号溝　南側　上層一括　試料№3,生材(ネムノキ),T,d,弥生時代?古墳時代,----,CD,PLD-30404,AMS法,80,20,82,19,-27.67,0.17,----,パレオ･ラボAMS年代測定グループ,パレオ・ラボ,2017,放射性炭素年代測定,33?35,----,朝日の遺跡Ⅳ　君迫遺跡･山ノ神(二串)遺跡の調査,日田市教育委員会
123,29897,44：大分県,山ノ神(二串)遺跡,日田市大字二串,1号溝　北端　試料№2,生材(ツバキ属),T,d,弥生時代?古墳時代,----,CD,PLD-30403,AMS法,2135,20,2134,20,-25.78,0.16,----,パレオ･ラボAMS年代測定グループ,パレオ・ラボ,2017,放射性炭素年代測定,33?35,----,朝日の遺跡Ⅳ　君迫遺跡･山ノ神(二串)遺跡の調査,日田市教育委員会
124,29896,44：大分県,山ノ神(二串)遺跡,日田市大字二串,1号溝　北端　試料№1,生材(ムクノキ),T,d,弥生時代?古墳時代,----,CD,PLD-30402,AMS法,2235,20,2234,20,-26.47,0.17,----,パレオ･ラボAMS年代測定グループ,パレオ・ラボ,2017,放射性炭素年代測定,33?35,----,朝日の遺跡Ⅳ　君迫遺跡･山ノ神(二串)遺跡の調査,日田市教育委員会
125,29677,44：大分県,岡遺跡,大分市大字丹生,試料番号:25　善福寺2地区第1号住居跡炉跡,炭化物･土壌,T,hk,弥生時代?中世,----,CDEF,IAAA-61211,AMS法,1900,40,1896,36,-10.6,0.75,----,加速器分析研究所,加速器分析研究所,2007,放射性炭素年代測定結果,208?219,----,岡遺跡群　内陸工業用地(大分市岡地区)造成事業に伴う埋蔵文化財発掘調査報告書　大分県教育庁埋蔵文化財センター調査報告書　第14集,大分県教育庁埋蔵文化財センター
126,29657,44：大分県,岡遺跡,大分市大字丹生,試料番号:5　内無川4地区7号炭窯埋土1層,炭化物,T,h,旧石器時代?古代,----,ABCDE,IAAA-61191,AMS法,900,30,896,31,-30.72,0.74,----,加速器分析研究所,加速器分析研究所,2007,放射性炭素年代測定結果,208?219,----,岡遺跡群　内陸工業用地(大分市岡地区)造成事業に伴う埋蔵文化財発掘調査報告書　大分県教育庁埋蔵文化財センター調査報告書　第14集,大分県教育庁埋蔵文化財センター
127,29661,44：大分県,岡遺跡,大分市大字丹生,試料番号:9　内無川4地区8号竪穴炉跡,炭化物,T,h,旧石器時代?古代,----,ABCDE,IAAA-61195,AMS法,1000,30,995,33,-25.75,0.83,----,加速器分析研究所,加速器分析研究所,2007,放射性炭素年代測定結果,208?219,----,岡遺跡群　内陸工業用地(大分市岡地区)造成事業に伴う埋蔵文化財発掘調査報告書　大分県教育庁埋蔵文化財センター調査報告書　第14集,大分県教育庁埋蔵文化財センター
128,29662,44：大分県,岡遺跡,大分市大字丹生,試料番号:10　内無川4地区9号竪穴炉跡,炭化物,T,h,旧石器時代?古代,----,ABCDE,IAAA-61196,AMS法,1970,30,1968,34,-28.06,0.74,----,加速器分析研究所,加速器分析研究所,2007,放射性炭素年代測定結果,208?219,----,岡遺跡群　内陸工業用地(大分市岡地区)造成事業に伴う埋蔵文化財発掘調査報告書　大分県教育庁埋蔵文化財センター調査報告書　第14集,大分県教育庁埋蔵文化財センター
129,29663,44：大分県,岡遺跡,大分市大字丹生,試料番号:11　内無川4地区9号竪穴p-2,炭化物,T,h,旧石器時代?古代,----,ABCDE,IAAA-61197,AMS法,2000,40,2003,35,-28.6,0.77,----,加速器分析研究所,加速器分析研究所,2007,放射性炭素年代測定結果,208?219,----,岡遺跡群　内陸工業用地(大分市岡地区)造成事業に伴う埋蔵文化財発掘調査報告書　大分県教育庁埋蔵文化財センター調査報告書　第14集,大分県教育庁埋蔵文化財センター
130,29665,44：大分県,岡遺跡,大分市大字丹生,試料番号:13　林頭地区2号炭窯,炭化材,T,f,古墳時代,----,D,IAAA-61199,AMS法,1080,40,1079,35,-27.82,0.85,----,加速器分析研究所,加速器分析研究所,2007,放射性炭素年代測定結果,208?219,----,岡遺跡群　内陸工業用地(大分市岡地区)造成事業に伴う埋蔵文化財発掘調査報告書　大分県教育庁埋蔵文化財センター調査報告書　第14集,大分県教育庁埋蔵文化財センター
131,29667,44：大分県,岡遺跡,大分市大字丹生,試料番号:15　内無川3地区1号炭窯,炭化材,T,f,弥生時代?古代,----,CDE,IAAA-61201,AMS法,1090,40,1091,35,-30.03,0.87,----,加速器分析研究所,加速器分析研究所,2007,放射性炭素年代測定結果,208?219,----,岡遺跡群　内陸工業用地(大分市岡地区)造成事業に伴う埋蔵文化財発掘調査報告書　大分県教育庁埋蔵文化財センター調査報告書　第14集,大分県教育庁埋蔵文化財センター
132,29669,44：大分県,岡遺跡,大分市大字丹生,試料番号:17　内無川2地区1号遺構,炭化材,T,f,近世?近代,----,GH,IAAA-61203,AMS法,90,30,91,34,-32.91,0.82,----,加速器分析研究所,加速器分析研究所,2007,放射性炭素年代測定結果,208?219,----,岡遺跡群　内陸工業用地(大分市岡地区)造成事業に伴う埋蔵文化財発掘調査報告書　大分県教育庁埋蔵文化財センター調査報告書　第14集,大分県教育庁埋蔵文化財センター
133,29670,44：大分県,岡遺跡,大分市大字丹生,試料番号:18　内無川2地区1号遺構,炭化材,T,f,近世?近代,----,GH,IAAA-61204,AMS法,60,30,61,33,-29.95,0.86,----,加速器分析研究所,加速器分析研究所,2007,放射性炭素年代測定結果,208?219,----,岡遺跡群　内陸工業用地(大分市岡地区)造成事業に伴う埋蔵文化財発掘調査報告書　大分県教育庁埋蔵文化財センター調査報告書　第14集,大分県教育庁埋蔵文化財センター
134,29671,44：大分県,岡遺跡,大分市大字丹生,試料番号:19　内無川2地区3号遺構,炭化材,T,f,近世?近代,----,GH,IAAA-61205,AMS法,110,40,113,34,-29.4,0.81,----,加速器分析研究所,加速器分析研究所,2007,放射性炭素年代測定結果,208?219,----,岡遺跡群　内陸工業用地(大分市岡地区)造成事業に伴う埋蔵文化財発掘調査報告書　大分県教育庁埋蔵文化財センター調査報告書　第14集,大分県教育庁埋蔵文化財センター
135,29673,44：大分県,岡遺跡,大分市大字丹生,試料番号:21　善福寺2地区1号炭窯,炭化物,T,h,弥生時代?中世,----,CDEF,IAAA-61207,AMS法,930,40,925,36,-26.88,0.85,----,加速器分析研究所,加速器分析研究所,2007,放射性炭素年代測定結果,208?219,----,岡遺跡群　内陸工業用地(大分市岡地区)造成事業に伴う埋蔵文化財発掘調査報告書　大分県教育庁埋蔵文化財センター調査報告書　第14集,大分県教育庁埋蔵文化財センター
136,29676,44：大分県,岡遺跡,大分市大字丹生,試料番号:24　善福寺2地区2号土坑,炭化物･土壌,T,hk,弥生時代?中世,----,CDEF,IAAA-61210,AMS法,2000,40,1997,36,-28.45,0.77,----,加速器分析研究所,加速器分析研究所,2007,放射性炭素年代測定結果,208?219,----,岡遺跡群　内陸工業用地(大分市岡地区)造成事業に伴う埋蔵文化財発掘調査報告書　大分県教育庁埋蔵文化財センター調査報告書　第14集,大分県教育庁埋蔵文化財センター
137,29674,44：大分県,岡遺跡,大分市大字丹生,試料番号:22　善福寺2地区1号炭窯,炭化物,T,h,弥生時代?中世,----,CDEF,IAAA-61208,AMS法,880,30,880,32,-28.06,0.94,----,加速器分析研究所,加速器分析研究所,2007,放射性炭素年代測定結果,208?219,----,岡遺跡群　内陸工業用地(大分市岡地区)造成事業に伴う埋蔵文化財発掘調査報告書　大分県教育庁埋蔵文化財センター調査報告書　第14集,大分県教育庁埋蔵文化財センター
138,29672,44：大分県,岡遺跡,大分市大字丹生,試料番号:20　内無川2地区3号遺構,炭化材,T,f,近世?近代,----,GH,IAAA-61206,AMS法,130,30,128,33,-26.27,0.73,----,加速器分析研究所,加速器分析研究所,2007,放射性炭素年代測定結果,208?219,----,岡遺跡群　内陸工業用地(大分市岡地区)造成事業に伴う埋蔵文化財発掘調査報告書　大分県教育庁埋蔵文化財センター調査報告書　第14集,大分県教育庁埋蔵文化財センター
139,29668,44：大分県,岡遺跡,大分市大字丹生,試料番号:16　内無川3地区1号炭窯,炭化材,T,f,弥生時代?古代,----,CDE,IAAA-61202,AMS法,990,40,992,35,-29.3,0.76,----,加速器分析研究所,加速器分析研究所,2007,放射性炭素年代測定結果,208?219,----,岡遺跡群　内陸工業用地(大分市岡地区)造成事業に伴う埋蔵文化財発掘調査報告書　大分県教育庁埋蔵文化財センター調査報告書　第14集,大分県教育庁埋蔵文化財センター
140,29666,44：大分県,岡遺跡,大分市大字丹生,試料番号:14　林頭地区2号炭窯,炭化材,T,f,古墳時代,----,D,IAAA-61200,AMS法,1050,40,1047,37,-33.86,0.99,----,加速器分析研究所,加速器分析研究所,2007,放射性炭素年代測定結果,208?219,----,岡遺跡群　内陸工業用地(大分市岡地区)造成事業に伴う埋蔵文化財発掘調査報告書　大分県教育庁埋蔵文化財センター調査報告書　第14集,大分県教育庁埋蔵文化財センター
141,29664,44：大分県,岡遺跡,大分市大字丹生,試料番号:12 内無川4地区6B号竪穴,炭化物,T,h,旧石器時代?古代,----,ABCDE,IAAA-61198,AMS法,1990,40,1985,35,-22.15,0.76,----,加速器分析研究所,加速器分析研究所,2007,放射性炭素年代測定結果,208?219,----,岡遺跡群　内陸工業用地(大分市岡地区)造成事業に伴う埋蔵文化財発掘調査報告書　大分県教育庁埋蔵文化財センター調査報告書　第14集,大分県教育庁埋蔵文化財センター
142,29658,44：大分県,岡遺跡,大分市大字丹生,試料番号:6　内無川4地区7号竪穴炉跡,炭化物,T,h,旧石器時代?古代,----,ABCDE,IAAA-61192,AMS法,2020,40,2019,35,-26.22,0.77,----,加速器分析研究所,加速器分析研究所,2007,放射性炭素年代測定結果,208?219,----,岡遺跡群　内陸工業用地(大分市岡地区)造成事業に伴う埋蔵文化財発掘調査報告書　大分県教育庁埋蔵文化財センター調査報告書　第14集,大分県教育庁埋蔵文化財センター
143,29656,44：大分県,岡遺跡,大分市大字丹生,試料番号:4　内無川4地区6号炭窯埋土3層,炭化物,T,h,旧石器時代?古代,----,ABCDE,IAAA-61190,AMS法,1190,30,1190,33,-28.2,0.81,----,加速器分析研究所,加速器分析研究所,2007,放射性炭素年代測定結果,208?219,----,岡遺跡群　内陸工業用地(大分市岡地区)造成事業に伴う埋蔵文化財発掘調査報告書　大分県教育庁埋蔵文化財センター調査報告書　第14集,大分県教育庁埋蔵文化財センター
144,29654,44：大分県,岡遺跡,大分市大字丹生,試料番号:2　内無川4地区3号炭窯埋土1層,炭化物,T,h,旧石器時代?古代,----,ABCDE,IAAA-61188,AMS法,870,40,873,36,-24.67,0.95,----,加速器分析研究所,加速器分析研究所,2007,放射性炭素年代測定結果,208?219,----,岡遺跡群　内陸工業用地(大分市岡地区)造成事業に伴う埋蔵文化財発掘調査報告書　大分県教育庁埋蔵文化財センター調査報告書　第14集,大分県教育庁埋蔵文化財センター
145,29655,44：大分県,岡遺跡,大分市大字丹生,試料番号:3　内無川4地区5号炭窯埋土3層,炭化物,T,h,旧石器時代?古代,----,ABCDE,IAAA-61189,AMS法,880,30,883,32,-29.13,0.81,----,加速器分析研究所,加速器分析研究所,2007,放射性炭素年代測定結果,208?219,----,岡遺跡群　内陸工業用地(大分市岡地区)造成事業に伴う埋蔵文化財発掘調査報告書　大分県教育庁埋蔵文化財センター調査報告書　第14集,大分県教育庁埋蔵文化財センター
146,29653,44：大分県,岡遺跡,大分市大字丹生,試料番号:1　内無川4地区1号炭窯,炭化材,T,f,旧石器時代?古代,----,ABCDE,IAAA-61187,AMS法,900,30,900,33,-28.68,0.88,----,加速器分析研究所,加速器分析研究所,2007,放射性炭素年代測定結果,208?219,----,岡遺跡群　内陸工業用地(大分市岡地区)造成事業に伴う埋蔵文化財発掘調査報告書　大分県教育庁埋蔵文化財センター調査報告書　第14集,大分県教育庁埋蔵文化財センター
147,29727,44：大分県,志津里遺跡,玖珠郡玖珠町大字太田字志津里,試料番号:12　S-1　B-1　2層,種実(トチノキ),T,e,弥生時代終末?古墳時代前期頃,----,CD,IAAA-111444,AMS法,1740,20,1738,23,-24.42,0.38,----,パリノ･サーヴェイ,加速器分析研究所,2012,志津里遺跡出土植物遺体の放射性炭素年代測定,41?43,----,志津里遺跡　県道玖珠山国線道路改良工事に伴う埋蔵文化財発掘調査報告書(1)　大分県教育庁埋蔵文化財センター調査報告書　第61集,大分県教育庁埋蔵文化財センター
148,29728,44：大分県,志津里遺跡,玖珠郡玖珠町大字太田字志津里,試料番号:13　S-1　No.160,生木(マタタビ属),T,d,弥生時代終末?古墳時代前期頃,----,CD,IAAA-111445,AMS法,1810,20,1806,24,-28.4,0.35,----,パリノ･サーヴェイ,加速器分析研究所,2012,志津里遺跡出土植物遺体の放射性炭素年代測定,41?43,----,志津里遺跡　県道玖珠山国線道路改良工事に伴う埋蔵文化財発掘調査報告書(1)　大分県教育庁埋蔵文化財センター調査報告書　第61集,大分県教育庁埋蔵文化財センター
149,29726,44：大分県,志津里遺跡,玖珠郡玖珠町大字太田字志津里,試料番号:11　S-1　C-2　1層下面,種実(モモ),T,e,弥生時代終末?古墳時代前期頃,----,CD,IAAA-111443,AMS法,1700,20,1704,24,-28.19,0.56,----,パリノ･サーヴェイ,加速器分析研究所,2012,志津里遺跡出土植物遺体の放射性炭素年代測定,41?43,----,志津里遺跡　県道玖珠山国線道路改良工事に伴う埋蔵文化財発掘調査報告書(1)　大分県教育庁埋蔵文化財センター調査報告書　第61集,大分県教育庁埋蔵文化財センター
150,29731,44：大分県,志津里遺跡(B地区),玖珠郡玖珠町大字太田字志津里,試料名:№1　志津里2号横穴墓2号人骨(2-2)人骨(右肋骨片),人骨,T,b,古墳時代,----,D,Beta-359597,AMS法,1580,30,----,----,----,----,-19.4,古環境研究所,Beta Analytic Inc.,2014,放射性炭素年代測定,94?97,----,志津里遺跡B地区4?6次発掘調査報告書　県道玖珠山国線道路改良工事に伴う埋蔵文化財発掘調査報告書(3)　　大分県教育庁埋蔵文化財センター調査報告書　第77集　,大分県教育庁埋蔵文化財センター
151,29631,44：大分県,木所遺跡,臼杵市野津町大字烏嶽字台?横通,試料№5 SB41柱穴　遺構:S71 ブロック名:q,炭化材(コナラ属アカガシ亜属?4年輪？),T,f,中世,15世紀,F,PLD-17898,AMS法,670,20,672,18,-25.12,0.2,----,伊藤茂･尾嵜大真･丹生越子･廣田正史･山形秀樹･小林紘一･Zaur　Lomtatidze･Ineza　Jorjoliani･佐々木由香,パレオ・ラボ,2012,放射性炭素年代測定,106?109,----,木所遺跡　~農村振興総合整備事業野津地区に伴う発掘調査~,臼杵市教育委員会
152,29632,44：大分県,木所遺跡,臼杵市野津町大字烏嶽字台?横通,試料№7　SX10埋土2層　遺構:S116 ブロック名:一括　炭2,炭化材(コナラ属アカガシ亜属?1年輪),T,f,縄文時代後期後葉,三万田式期,B,PLD-17899,AMS法,3265,20,3265,21,-25.4,0.23,----,伊藤茂･尾嵜大真･丹生越子･廣田正史･山形秀樹･小林紘一･Zaur　Lomtatidze･Ineza　Jorjoliani･佐々木由香,パレオ・ラボ,2012,放射性炭素年代測定,106?109,----,木所遺跡　~農村振興総合整備事業野津地区に伴う発掘調査~,臼杵市教育委員会
153,29630,44：大分県,木所遺跡,臼杵市野津町大字烏嶽字台?横通,試料№3 SB36柱穴　遺構:S582 ブロック名:r,炭化材(広葉樹?1年輪未満),T,f,中世,15世紀,F,PLD-17897,AMS法,885,20,886,18,-25.89,0.21,----,伊藤茂･尾嵜大真･丹生越子･廣田正史･山形秀樹･小林紘一･Zaur　Lomtatidze･Ineza　Jorjoliani･佐々木由香,パレオ・ラボ,2012,放射性炭素年代測定,106?109,----,木所遺跡　~農村振興総合整備事業野津地区に伴う発掘調査~,臼杵市教育委員会
154,29629,44：大分県,木所遺跡,臼杵市野津町大字烏嶽字台?横通,試料№2 SB11柱穴　遺構:S19 ブロック名:d,炭化材(コナラ属アカガシ亜属?1年輪未満),T,f,中世,15世紀,F,PLD-17896,AMS法,730,15,728,17,-23.74,0.2,----,伊藤茂･尾嵜大真･丹生越子･廣田正史･山形秀樹･小林紘一･Zaur　Lomtatidze･Ineza　Jorjoliani･佐々木由香,パレオ・ラボ,2012,放射性炭素年代測定,106?109,----,木所遺跡　~農村振興総合整備事業野津地区に伴う発掘調査~,臼杵市教育委員会
155,29633,44：大分県,木所遺跡,臼杵市野津町大字烏嶽字台?横通,試料№壺内容物　SX32 遺構:埋壺遺構,炭化種実(オオムギ),T,g,中世,15世紀,F,PLD-17900,AMS法,600,20,598,18,-24.24,0.24,----,伊藤茂･尾嵜大真･丹生越子･廣田正史･山形秀樹･小林紘一･Zaur　Lomtatidze･Ineza　Jorjoliani･佐々木由香,パレオ・ラボ,2012,放射性炭素年代測定,106?109,----,木所遺跡　~農村振興総合整備事業野津地区に伴う発掘調査~,臼杵市教育委員会
156,29628,44：大分県,木所遺跡,臼杵市野津町大字烏嶽字台?横通,試料№1 SB24柱穴 遺構:S10 ブロック名:y,炭化材(ムクノキ?2年輪),T,f,中世,15世紀,F,PLD-17895,AMS法,645,20,645,19,-24.81,0.19,----,伊藤茂･尾嵜大真･丹生越子･廣田正史･山形秀樹･小林紘一･Zaur　Lomtatidze･Ineza　Jorjoliani･佐々木由香,パレオ・ラボ,2012,放射性炭素年代測定,106?109,----,木所遺跡　~農村振興総合整備事業野津地区に伴う発掘調査~,臼杵市教育委員会
157,29895,44：大分県,本村遺跡(第5次調査),日田市大字小迫,試料名:№2　1号竪穴建物　P2,木材(サカキ),T,d,古墳時代,6世紀中頃,D,Beta-367786,AMS法,1410,30,----,----,----,----,-28.3,古環境研究所,Beta Analytic Inc.,2015,本村遺跡5次調査出土木材の樹種同定及び年代測定,164?166,----,朝日の遺跡Ⅲ　花ノ木遺跡1次の調査,日田市教育委員会
158,29894,44：大分県,本村遺跡(第5次調査),日田市大字小迫,試料名:№1　1号竪穴建物　P1,木材(サカキ),T,d,古墳時代,6世紀中頃,D,Beta-367785,AMS法,1460,30,----,----,----,----,-27.8,古環境研究所,Beta Analytic Inc.,2015,本村遺跡5次調査出土木材の樹種同定及び年代測定,164?166,----,朝日の遺跡Ⅲ　花ノ木遺跡1次の調査,日田市教育委員会
159,29848,44：大分県,東光寺経塚,杵築市大字横城字立ヶ鼻3,東光寺7号経塚　試料名:№2,炭化材,T,f,古代?中世,----,EF,IAAA-82635,AMS法,860,30,963,30,-26.86,0.57,----,パリノ･サーヴェイ,加速器分析研究所,2009,東光寺経塚の自然科学分析調査,97?102,----,東光寺経塚発掘調査報告書Ⅰ　杵築市埋蔵文化財調査報告書　第12集,杵築市教育委員会
160,29849,44：大分県,東光寺経塚,杵築市大字横城字立ヶ鼻3,東光寺8号経塚　試料名:№2,炭化材,T,f,古代?中世,----,EF,IAAA-82636,AMS法,980,30,976,31,-27.1,0.62,----,パリノ･サーヴェイ,加速器分析研究所,2009,東光寺経塚の自然科学分析調査,97?102,----,東光寺経塚発掘調査報告書Ⅰ　杵築市埋蔵文化財調査報告書　第12集,杵築市教育委員会
161,29850,44：大分県,東光寺経塚,杵築市大字横城字立ヶ鼻3,東光寺9号経塚　炭,炭化材,T,f,古代?中世,----,EF,IAAA-82637,AMS法,840,30,839,30,-26.59,0.6,----,パリノ･サーヴェイ,加速器分析研究所,2009,東光寺経塚の自然科学分析調査,97?102,----,東光寺経塚発掘調査報告書Ⅰ　杵築市埋蔵文化財調査報告書　第12集,杵築市教育委員会
162,29847,44：大分県,東光寺経塚,杵築市大字横城字立ヶ鼻3,東光寺3号経塚　試料名:№1　,炭化材,T,f,古代?中世,----,EF,IAAA-82634,AMS法,990,30,994,30,-26.41,0.57,----,パリノ･サーヴェイ,加速器分析研究所,2009,東光寺経塚の自然科学分析調査,97?102,----,東光寺経塚発掘調査報告書Ⅰ　杵築市埋蔵文化財調査報告書　第12集,杵築市教育委員会
163,29805,44：大分県,横尾貝塚,大分市大字横尾字,試料名:YKS-7　男性　壮年　7B区　改葬　埋土に貝層含む　YKS-2､8と1連の可能性あり,人骨,T,b,縄文時代後期,----,B,NUTA2-12470,AMS法,4675,35,4675,35,----,----,-18.1,大森貴之･中村俊夫,名古屋大学年代測定総合研究センター,2008,横尾貝塚遺跡出土人骨による14C年代測定と食性解析,286?293,----,横尾貝塚　-大分県大分市大字横尾所在の横尾貝塚範囲確認調査報告書-,大分市教育委員会
164,29807,44：大分県,横尾貝塚,大分市大字横尾字,試料名:YKS-10　女性　壮年　7C区　屈葬　貝層内より出土,人骨,T,b,縄文時代後期,----,B,NUTA2-12472,AMS法,4405,35,4406,36,----,----,-15.6,大森貴之･中村俊夫,名古屋大学年代測定総合研究センター,2008,横尾貝塚遺跡出土人骨による14C年代測定と食性解析,286?293,----,横尾貝塚　-大分県大分市大字横尾所在の横尾貝塚範囲確認調査報告書-,大分市教育委員会
165,29808,44：大分県,横尾貝塚,大分市大字横尾字,資料番号:K-1　第82次(2003年)調査でカゴに収納された黒曜石が発見された床面上に横たわっていた木材群から採取,樹木片(コナラ属コナラ節),T,d,縄文時代,----,B,NUTA2-5479,AMS法,6595,35,6597,34,-29,1,----,中村俊夫,名古屋大学年代測定総合研究センター,2008,横尾貝塚出土の水場の遺構および大型黒曜石石核に関連する木材およびドングリの放射性炭素年代,273?279,----,横尾貝塚　-大分県大分市大字横尾所在の横尾貝塚範囲確認調査報告書-,大分市教育委員会
166,29809,44：大分県,横尾貝塚,大分市大字横尾字,資料番号:YK-2　第82次(2003年)調査でカゴに収納された黒曜石が発見された床面上に横たわっていた木材群から採取,樹木片(ユクノキ),T,d,縄文時代,----,B,NUTA2-5480,AMS法,6480,35,6482,34,-29,1,----,中村俊夫,名古屋大学年代測定総合研究センター,2008,横尾貝塚出土の水場の遺構および大型黒曜石石核に関連する木材およびドングリの放射性炭素年代,273?279,----,横尾貝塚　-大分県大分市大字横尾所在の横尾貝塚範囲確認調査報告書-,大分市教育委員会
167,29811,44：大分県,横尾貝塚,大分市大字横尾字,資料番号:YK-4　第82次(2003年)調査でカゴに収納された黒曜石が発見された床面上に横たわっていた木材群から採取,樹木片,T,d,縄文時代,----,B,NUTA2-5776,AMS法,6385,35,6386,34,-27,1,----,中村俊夫,名古屋大学年代測定総合研究センター,2008,横尾貝塚出土の水場の遺構および大型黒曜石石核に関連する木材およびドングリの放射性炭素年代,273?279,----,横尾貝塚　-大分県大分市大字横尾所在の横尾貝塚範囲確認調査報告書-,大分市教育委員会
168,29812,44：大分県,横尾貝塚,大分市大字横尾字,資料番号:YK-5　第82次(2003年)調査で検出されたドングリピット(S-55区)から採取,ドングリの果皮,T,e,縄文時代,----,B,NUTA2-5774,AMS法,3710,30,3709,32,-28,1,----,中村俊夫,名古屋大学年代測定総合研究センター,2008,横尾貝塚出土の水場の遺構および大型黒曜石石核に関連する木材およびドングリの放射性炭素年代,273?279,----,横尾貝塚　-大分県大分市大字横尾所在の横尾貝塚範囲確認調査報告書-,大分市教育委員会
169,29813,44：大分県,横尾貝塚,大分市大字横尾字,資料番号:YK-6　第82?3次(2003年)調査で検出された大型黒曜石製石核を覆っていた木材およびその近傍の木材から分取,樹木片(ヒイラギ),T,d,縄文時代,----,B,NUTA2-8254,AMS法,6895,35,6895,36,-26,1,----,中村俊夫,名古屋大学年代測定総合研究センター,2008,横尾貝塚出土の水場の遺構および大型黒曜石石核に関連する木材およびドングリの放射性炭素年代,273?279,----,横尾貝塚　-大分県大分市大字横尾所在の横尾貝塚範囲確認調査報告書-,大分市教育委員会
170,29815,44：大分県,横尾貝塚,大分市大字横尾字,資料番号:YK-8　第82?3次(2005年)調査で検出された大型黒曜石製石核を覆っていた木材およびその近傍の木材から分取,樹木片(ヒイラギ),T,d,縄文時代,----,B,NUTA2-8006,AMS法,6825,40,6823,39,-26,1,----,中村俊夫,名古屋大学年代測定総合研究センター,2008,横尾貝塚出土の水場の遺構および大型黒曜石石核に関連する木材およびドングリの放射性炭素年代,273?279,----,横尾貝塚　-大分県大分市大字横尾所在の横尾貝塚範囲確認調査報告書-,大分市教育委員会
171,29816,44：大分県,横尾貝塚,大分市大字横尾字,資料番号:YK-9　第82?3次(2006年)調査で検出された大型黒曜石製石核を覆っていた木材およびその近傍の木材から分取,樹木片(ヒイラギ),T,d,縄文時代,----,B,NUTA2-8007,AMS法,6950,40,6948,40,-28,1,----,中村俊夫,名古屋大学年代測定総合研究センター,2008,横尾貝塚出土の水場の遺構および大型黒曜石石核に関連する木材およびドングリの放射性炭素年代,273?279,----,横尾貝塚　-大分県大分市大字横尾所在の横尾貝塚範囲確認調査報告書-,大分市教育委員会
172,29817,44：大分県,横尾貝塚,大分市大字横尾字,資料番号:YK-10　第82-3次(2003年)調査で検出された立ち木の列あるいは土留め用の杭列と思われた木材から採取,樹木片(コナラ属アカガシ亜属),T,d,縄文時代,----,B,NUTA2-8008,AMS法,6595,40,6596,40,-28,1,----,中村俊夫,名古屋大学年代測定総合研究センター,2008,横尾貝塚出土の水場の遺構および大型黒曜石石核に関連する木材およびドングリの放射性炭素年代,273?279,----,横尾貝塚　-大分県大分市大字横尾所在の横尾貝塚範囲確認調査報告書-,大分市教育委員会
173,29819,44：大分県,横尾貝塚,大分市大字横尾字,資料番号:YK-14　第82-3次(2003年)調査で検出された立ち木の列あるいは土留め用の杭列と思われた木材から採取,樹木片(コナラ属アカガシ亜属),T,d,縄文時代,----,B,NUTA2-8012,AMS法,6615,35,6614,37,-25,1,----,中村俊夫,名古屋大学年代測定総合研究センター,2008,横尾貝塚出土の水場の遺構および大型黒曜石石核に関連する木材およびドングリの放射性炭素年代,273?279,----,横尾貝塚　-大分県大分市大字横尾所在の横尾貝塚範囲確認調査報告書-,大分市教育委員会
174,29820,44：大分県,横尾貝塚,大分市大字横尾字,資料番号:YK-15　第82-3次(2003年)調査で検出された立ち木の列あるいは土留め用の杭列と思われた木材から採取,樹木片(コナラ属アカガシ亜属),T,d,縄文時代,----,B,NUTA2-8255,AMS法,6610,35,6610,37,-28,1,----,中村俊夫,名古屋大学年代測定総合研究センター,2008,横尾貝塚出土の水場の遺構および大型黒曜石石核に関連する木材およびドングリの放射性炭素年代,273?279,----,横尾貝塚　-大分県大分市大字横尾所在の横尾貝塚範囲確認調査報告書-,大分市教育委員会
175,29821,44：大分県,横尾貝塚,大分市大字横尾字,資料番号:YK-16　第82-3次(2003年)調査で検出された立ち木の列あるいは土留め用の杭列と思われた木材から採取,樹木片(コナラ属アカガシ亜属),T,d,縄文時代,----,B,NUTA2-8013,AMS法,6640,40,6642,40,-27,1,----,中村俊夫,名古屋大学年代測定総合研究センター,2008,横尾貝塚出土の水場の遺構および大型黒曜石石核に関連する木材およびドングリの放射性炭素年代,273?279,----,横尾貝塚　-大分県大分市大字横尾所在の横尾貝塚範囲確認調査報告書-,大分市教育委員会
176,29818,44：大分県,横尾貝塚,大分市大字横尾字,資料番号:YK-12　第82-3次(2003年)調査で検出された立ち木の列あるいは土留め用の杭列と思われた木材から採取,樹木片(コナラ属アカガシ亜属),T,d,縄文時代,----,B,NUTA2-8011,AMS法,6645,40,6645,39,-27,1,----,中村俊夫,名古屋大学年代測定総合研究センター,2008,横尾貝塚出土の水場の遺構および大型黒曜石石核に関連する木材およびドングリの放射性炭素年代,273?279,----,横尾貝塚　-大分県大分市大字横尾所在の横尾貝塚範囲確認調査報告書-,大分市教育委員会
177,29814,44：大分県,横尾貝塚,大分市大字横尾字,資料番号:YK-7　第82?3次(2004年)調査で検出された大型黒曜石製石核を覆っていた木材およびその近傍の木材から分取,樹木片(ヒイラギ),T,d,縄文時代,----,B,NUTA2-8005,AMS法,6970,40,6971,38,-28,1,----,中村俊夫,名古屋大学年代測定総合研究センター,2008,横尾貝塚出土の水場の遺構および大型黒曜石石核に関連する木材およびドングリの放射性炭素年代,273?279,----,横尾貝塚　-大分県大分市大字横尾所在の横尾貝塚範囲確認調査報告書-,大分市教育委員会
178,29810,44：大分県,横尾貝塚,大分市大字横尾字,資料番号:YK-3　第82次(2003年)調査でカゴに収納された黒曜石が発見された床面上に横たわっていた木材群から採取,樹木片,T,d,縄文時代,----,B,NUTA2-5775,AMS法,6565,35,6566,35,-28,1,----,中村俊夫,名古屋大学年代測定総合研究センター,2008,横尾貝塚出土の水場の遺構および大型黒曜石石核に関連する木材およびドングリの放射性炭素年代,273?279,----,横尾貝塚　-大分県大分市大字横尾所在の横尾貝塚範囲確認調査報告書-,大分市教育委員会
179,29806,44：大分県,横尾貝塚,大分市大字横尾字,試料名:YKS-8ab　7B区　改葬　埋土に貝層含む　YKS--2､7と一連の可能性あり,人骨,T,b,縄文時代後期,----,B,NUTA2-12471,AMS法,4760,35,4759,37,----,----,-18.5,大森貴之･中村俊夫,名古屋大学年代測定総合研究センター,2008,横尾貝塚遺跡出土人骨による14C年代測定と食性解析,286?293,----,横尾貝塚　-大分県大分市大字横尾所在の横尾貝塚範囲確認調査報告書-,大分市教育委員会
180,29804,44：大分県,横尾貝塚,大分市大字横尾字,試料名:YKS-6 男性　壮年　8B区　　屈葬　土坑上部は貝層被覆　貝層との関係で前期の可能性あり　,人骨,T,b,縄文時代前期？,----,B,NUTA2-12468?,AMS法,4370,35,4371,36,----,----,-15.9,大森貴之･中村俊夫,名古屋大学年代測定総合研究センター,2008,横尾貝塚遺跡出土人骨による14C年代測定と食性解析,286?293,----,横尾貝塚　-大分県大分市大字横尾所在の横尾貝塚範囲確認調査報告書-,大分市教育委員会
181,29803,44：大分県,横尾貝塚,大分市大字横尾字,試料名:YKS-2　女性　7B区　　改葬　埋土に貝層含む　YKS-7､8と一連の可能性あり,人骨,T,b,縄文時代後期,----,B,NUTA2-12468?,AMS法,4685,35,4683,35,----,----,-17.9,大森貴之･中村俊夫,名古屋大学年代測定総合研究センター,2008,横尾貝塚遺跡出土人骨による14C年代測定と食性解析,286?293,----,横尾貝塚　-大分県大分市大字横尾所在の横尾貝塚範囲確認調査報告書-,大分市教育委員会
182,29861,44：大分県,法垣遺跡,中津市大字加来810-1他,SB24　Pit2　掘方　試料№61,炭化材(広葉樹),T,f,縄文時代後期,----,B,PLD-25947,AMS法,3695,20,3696,20,-28.28,0.16,----,伊藤茂･安昭炫･佐藤正教･廣田正史･山形秀樹･小林紘一･Zaur　Lomtatidze･Ineza　Jorjoliani･黒沼保子,パレオ・ラボ,2018,放射性炭素年代測定(1),341?346,----,法垣遺跡3次･4次調査　ｰ本文､遺構･遺物図版､石製品写真図版･観察表編ｰ　事務所建設･地域振興施設(道の駅)建設に伴う埋蔵文化財発掘調査報告書(2)　中津市文化財調査報告　第84集　,中津市教育委員会
183,29862,44：大分県,法垣遺跡,中津市大字加来810-1他,SB25　Pit5　柱痕　試料№62,炭化材(クリ),T,f,縄文時代後期,----,B,PLD-25948,AMS法,3560,25,3559,23,-26.57,0.3,----,伊藤茂･安昭炫･佐藤正教･廣田正史･山形秀樹･小林紘一･Zaur　Lomtatidze･Ineza　Jorjoliani･黒沼保子,パレオ・ラボ,2018,放射性炭素年代測定(1),341?346,----,法垣遺跡3次･4次調査　ｰ本文､遺構･遺物図版､石製品写真図版･観察表編ｰ　事務所建設･地域振興施設(道の駅)建設に伴う埋蔵文化財発掘調査報告書(2)　中津市文化財調査報告　第84集　,中津市教育委員会
184,29857,44：大分県,法垣遺跡,中津市大字加来810-1他,SB21　Pit3　柱痕　試料№なし,炭化材(広葉樹),T,f,縄文時代後期,----,B,PLD-25943,AMS法,3530,20,3531,22,-26.2,0.27,----,伊藤茂･安昭炫･佐藤正教･廣田正史･山形秀樹･小林紘一･Zaur　Lomtatidze･Ineza　Jorjoliani･黒沼保子,パレオ・ラボ,2018,放射性炭素年代測定(1),341?346,----,法垣遺跡3次･4次調査　ｰ本文､遺構･遺物図版､石製品写真図版･観察表編ｰ　事務所建設･地域振興施設(道の駅)建設に伴う埋蔵文化財発掘調査報告書(2)　中津市文化財調査報告　第84集　,中津市教育委員会
185,29858,44：大分県,法垣遺跡,中津市大字加来810-1他,SB21　Pit3　掘方　試料№59,炭化材(クリ),T,f,縄文時代後期,----,B,PLD-25944,AMS法,3560,20,3558,22,-26.6,0.3,----,伊藤茂･安昭炫･佐藤正教･廣田正史･山形秀樹･小林紘一･Zaur　Lomtatidze･Ineza　Jorjoliani･黒沼保子,パレオ・ラボ,2018,放射性炭素年代測定(1),341?346,----,法垣遺跡3次･4次調査　ｰ本文､遺構･遺物図版､石製品写真図版･観察表編ｰ　事務所建設･地域振興施設(道の駅)建設に伴う埋蔵文化財発掘調査報告書(2)　中津市文化財調査報告　第84集　,中津市教育委員会
186,29859,44：大分県,法垣遺跡,中津市大字加来810-1他,SB24　Pit1　柱痕　試料№81,炭化材(広葉樹),T,f,縄文時代後期,----,B,PLD-25945,AMS法,3630,20,3628,20,-30.69,0.18,----,伊藤茂･安昭炫･佐藤正教･廣田正史･山形秀樹･小林紘一･Zaur　Lomtatidze･Ineza　Jorjoliani･黒沼保子,パレオ・ラボ,2018,放射性炭素年代測定(1),341?346,----,法垣遺跡3次･4次調査　ｰ本文､遺構･遺物図版､石製品写真図版･観察表編ｰ　事務所建設･地域振興施設(道の駅)建設に伴う埋蔵文化財発掘調査報告書(2)　中津市文化財調査報告　第84集　,中津市教育委員会
187,29860,44：大分県,法垣遺跡,中津市大字加来810-1他,SB24　Pit1　掘方　試料№60,炭化材(広葉樹),T,f,縄文時代後期,----,B,PLD-25946,AMS法,3635,20,3634,21,-26.93,0.18,----,伊藤茂･安昭炫･佐藤正教･廣田正史･山形秀樹･小林紘一･Zaur　Lomtatidze･Ineza　Jorjoliani･黒沼保子,パレオ・ラボ,2018,放射性炭素年代測定(1),341?346,----,法垣遺跡3次･4次調査　ｰ本文､遺構･遺物図版､石製品写真図版･観察表編ｰ　事務所建設･地域振興施設(道の駅)建設に伴う埋蔵文化財発掘調査報告書(2)　中津市文化財調査報告　第84集　,中津市教育委員会
188,29855,44：大分県,法垣遺跡,中津市大字加来810-1他,SB14　Pit5　掘方上層　試料№71,炭化材(不明),T,f,縄文時代後期,----,B,PLD-25941,AMS法,3450,25,3448,26,-22.99,0.32,----,伊藤茂･安昭炫･佐藤正教･廣田正史･山形秀樹･小林紘一･Zaur　Lomtatidze･Ineza　Jorjoliani･黒沼保子,パレオ・ラボ,2018,放射性炭素年代測定(1),341?346,----,法垣遺跡3次･4次調査　ｰ本文､遺構･遺物図版､石製品写真図版･観察表編ｰ　事務所建設･地域振興施設(道の駅)建設に伴う埋蔵文化財発掘調査報告書(2)　中津市文化財調査報告　第84集　,中津市教育委員会
189,29856,44：大分県,法垣遺跡,中津市大字加来810-1他,SB14　Pit5　柱痕　試料№76,炭化材(広葉樹),T,f,縄文時代後期,----,B,PLD-25942,AMS法,3470,20,3468,22,-28.59,0.31,----,伊藤茂･安昭炫･佐藤正教･廣田正史･山形秀樹･小林紘一･Zaur　Lomtatidze･Ineza　Jorjoliani･黒沼保子,パレオ・ラボ,2018,放射性炭素年代測定(1),341?346,----,法垣遺跡3次･4次調査　ｰ本文､遺構･遺物図版､石製品写真図版･観察表編ｰ　事務所建設･地域振興施設(道の駅)建設に伴う埋蔵文化財発掘調査報告書(2)　中津市文化財調査報告　第84集　,中津市教育委員会
190,29863,44：大分県,法垣遺跡,中津市大字加来810-1他,SB25　Pit5　掘方　試料№52,炭化材(不明),T,f,縄文時代後期,----,B,PLD-25949,AMS法,2270,20,2268,20,-24.83,0.3,----,伊藤茂･安昭炫･佐藤正教･廣田正史･山形秀樹･小林紘一･Zaur　Lomtatidze･Ineza　Jorjoliani･黒沼保子,パレオ・ラボ,2018,放射性炭素年代測定(1),341?346,----,法垣遺跡3次･4次調査　ｰ本文､遺構･遺物図版､石製品写真図版･観察表編ｰ　事務所建設･地域振興施設(道の駅)建設に伴う埋蔵文化財発掘調査報告書(2)　中津市文化財調査報告　第84集　,中津市教育委員会
191,29864,44：大分県,法垣遺跡,中津市大字加来810-1他,SB21PIT4柱根　試料№1　,炭化種実(カラスザンショウ種子),T,g,縄文時代後期中葉,----,B,PLD-30727,AMS法,3520,20,3522,19,-25.85,0.21,----,伊藤茂･安昭炫･佐藤正教･廣田正史･山形秀樹･小林紘一･Zaur　Lomtatidze･小林克也,パレオ・ラボ,2018,放射性炭素年代測定(2),347?350,----,法垣遺跡3次･4次調査　ｰ本文､遺構･遺物図版､石製品写真図版･観察表編ｰ　事務所建設･地域振興施設(道の駅)建設に伴う埋蔵文化財発掘調査報告書(2)　中津市文化財調査報告　第84集　,中津市教育委員会
192,29865,44：大分県,法垣遺跡,中津市大字加来810-1他,SB21PIT4柱根　試料№2　,炭化種実(コムギ種子),T,g,縄文時代後期中葉,----,B,PLD-30728,AMS法,350,15,351,17,-22.32,0.23,----,伊藤茂･安昭炫･佐藤正教･廣田正史･山形秀樹･小林紘一･Zaur　Lomtatidze･小林克也,パレオ・ラボ,2018,放射性炭素年代測定(2),347?350,----,法垣遺跡3次･4次調査　ｰ本文､遺構･遺物図版､石製品写真図版･観察表編ｰ　事務所建設･地域振興施設(道の駅)建設に伴う埋蔵文化財発掘調査報告書(2)　中津市文化財調査報告　第84集　,中津市教育委員会
193,29867,44：大分県,法垣遺跡,中津市大字加来810-1他,SB24PIT1掘方　試料№4　,炭化種実(イネ種子),T,g,縄文時代後期中葉,----,B,PLD-30730,AMS法,1175,15,1174,17,-25.38,0.16,----,伊藤茂･安昭炫･佐藤正教･廣田正史･山形秀樹･小林紘一･Zaur　Lomtatidze･小林克也,パレオ・ラボ,2018,放射性炭素年代測定(2),347?350,----,法垣遺跡3次･4次調査　ｰ本文､遺構･遺物図版､石製品写真図版･観察表編ｰ　事務所建設･地域振興施設(道の駅)建設に伴う埋蔵文化財発掘調査報告書(2)　中津市文化財調査報告　第84集　,中津市教育委員会
194,29868,44：大分県,法垣遺跡,中津市大字加来810-1他,SH24南北ベルト南半　試料№5　,炭化種実(カラスザンショウ種子),T,g,縄文時代後期中葉,----,B,PLD-30731,AMS法,3505,20,3505,20,-25.58,0.17,----,伊藤茂･安昭炫･佐藤正教･廣田正史･山形秀樹･小林紘一･Zaur　Lomtatidze･小林克也,パレオ・ラボ,2018,放射性炭素年代測定(2),347?350,----,法垣遺跡3次･4次調査　ｰ本文､遺構･遺物図版､石製品写真図版･観察表編ｰ　事務所建設･地域振興施設(道の駅)建設に伴う埋蔵文化財発掘調査報告書(2)　中津市文化財調査報告　第84集　,中津市教育委員会
195,29869,44：大分県,法垣遺跡,中津市大字加来810-1他,SB14PIT5柱根　試料№6　,炭化種実(カラスザンショウ種子),T,g,縄文時代後期中葉,----,B,PLD-30732,AMS法,3435,20,3433,20,-24.74,0.19,----,伊藤茂･安昭炫･佐藤正教･廣田正史･山形秀樹･小林紘一･Zaur　Lomtatidze･小林克也,パレオ・ラボ,2018,放射性炭素年代測定(2),347?350,----,法垣遺跡3次･4次調査　ｰ本文､遺構･遺物図版､石製品写真図版･観察表編ｰ　事務所建設･地域振興施設(道の駅)建設に伴う埋蔵文化財発掘調査報告書(2)　中津市文化財調査報告　第84集　,中津市教育委員会
196,29866,44：大分県,法垣遺跡,中津市大字加来810-1他,SB24PIT1掘方　試料№3　,炭化種実(カラスザンショウ種子),T,g,縄文時代後期中葉,----,B,PLD-30729,AMS法,3495,20,3494,22,-26.04,0.19,----,伊藤茂･安昭炫･佐藤正教･廣田正史･山形秀樹･小林紘一･Zaur　Lomtatidze･小林克也,パレオ・ラボ,2018,放射性炭素年代測定(2),347?350,----,法垣遺跡3次･4次調査　ｰ本文､遺構･遺物図版､石製品写真図版･観察表編ｰ　事務所建設･地域振興施設(道の駅)建設に伴う埋蔵文化財発掘調査報告書(2)　中津市文化財調査報告　第84集　,中津市教育委員会
197,29854,44：大分県,法垣遺跡,中津市大字加来810-1他,SB14　Pit4　掘方最下層　試料№66,炭化材(広葉樹),T,f,縄文時代後期,----,B,PLD-25940,AMS法,3575,20,3574,21,-27.81,0.31,----,伊藤茂･安昭炫･佐藤正教･廣田正史･山形秀樹･小林紘一･Zaur　Lomtatidze･Ineza　Jorjoliani･黒沼保子,パレオ・ラボ,2018,放射性炭素年代測定(1),341?346,----,法垣遺跡3次･4次調査　ｰ本文､遺構･遺物図版､石製品写真図版･観察表編ｰ　事務所建設･地域振興施設(道の駅)建設に伴う埋蔵文化財発掘調査報告書(2)　中津市文化財調査報告　第84集　,中津市教育委員会
198,2914,44：大分県,深町遺跡,大分市大字玉沢,SH36住,炭化材木炭,T,f,弥生時代中期,----,C,MTC-08505,AMS法,2155,40,----,----,-27.5,1.2,----,学術創成研究グループ,東京大学大学院工学系研究科タンデム加速器研究施設,2009,地域別測定データ,139-524,OIMB-C1,弥生農耕の起源と東アジア-炭素14年代測定による高精度編年体系の構築-平成16～20年文部科学省・科学研究費学術創成研究費　研究成果報告書,国立歴史民俗博物館
199,29739,44：大分県,清水遺跡(第2次発掘調査),大分市大字毛井字清水,試料№:3　S041Pit内埋土,炭化材,T,f,古墳時代,----,D,PED-32613,AMS法,1265,20,1265,20,----,----,----,古環境研究所,古環境研究所,2018,平成28年度清水遺跡第2発掘調査における自然科学分析,25?31,----,清水遺跡2次発掘調査報告書　県道鶴崎大南線道路改良工事に伴う埋蔵文化財発掘調査報告書　大分県立埋蔵文化財センター発掘調査報告書　第1集,大分県立埋蔵文化財センター
200,29738,44：大分県,清水遺跡(第2次発掘調査),大分市大字毛井字清水,試料№:2　SH010竪穴住居埋土上層,炭化材,T,f,古墳時代,----,D,PED-32612,AMS法,170,20,169,19,----,----,----,古環境研究所,古環境研究所,2018,平成28年度清水遺跡第2発掘調査における自然科学分析,25?31,----,清水遺跡2次発掘調査報告書　県道鶴崎大南線道路改良工事に伴う埋蔵文化財発掘調査報告書　大分県立埋蔵文化財センター発掘調査報告書　第1集,大分県立埋蔵文化財センター
201,29771,44：大分県,玉沢地区条里跡遺跡,大分市大字木上字鉾手1番地1外235筆,試料名:№3　4区SD307　D-7　,木材(樹木),T,d,弥生時代?中世,----,CDEF,Beta-200465,AMS法,2390,40,----,----,----,----,-22.7,古環境研究所,Beta Analytic Inc.,2005,玉沢地区条里跡遺跡第3次調査における自然科学分析　,219?224,----,玉沢地区条里跡　第3次発掘調査報告　-稙田新都心西部土地区画整理事業及び大規模店舗建設に伴う発掘調査報告書-,大分市教育委員会
202,29758,44：大分県,玉沢地区条里跡遺跡,大分市大字玉沢,炉穴　Ⅰa区　SF-14 炭上層,炭化材(コナラ属アカガシ亜属),T,f,縄文時代後期?晩期,----,B,PAL-792,β線法,3340,100,----,----,----,----,----,パリノ・サーヴェイ,パリノ･サーヴェイ,2002,玉沢地区条里跡遺跡の自然科学　,13?19,----,玉沢地区条里跡　第2次発掘調査報告書(トキハわさだタウン地点),大分市教育委員会
203,29757,44：大分県,玉沢地区条里跡遺跡,大分市大字玉沢,炉穴　Ⅰb区　SF-9h,炭化材(コナラ属アカガシ亜属),T,f,縄文時代後期?晩期,----,B,PAL-791,β線法,4140,80,----,----,----,----,----,パリノ・サーヴェイ,パリノ･サーヴェイ,2002,玉沢地区条里跡遺跡の自然科学　,13?19,----,玉沢地区条里跡　第2次発掘調査報告書(トキハわさだタウン地点),大分市教育委員会
204,29759,44：大分県,玉沢地区条里跡遺跡,大分市大字玉沢,溝状遺構　Ⅱc区　SD-2a  上段　P-①　,炭化材(マツ属複維管束亜属),T,f,中世?近世,----,FG,PAL-788,β線法,260,80,----,----,----,----,----,パリノ・サーヴェイ,パリノ･サーヴェイ,2002,玉沢地区条里跡遺跡の自然科学　,13?19,----,玉沢地区条里跡　第2次発掘調査報告書(トキハわさだタウン地点),大分市教育委員会
205,29769,44：大分県,玉沢地区条里跡遺跡,大分市大字木上字鉾手1番地1外235筆,試料名:№1　4区S235　,木材(シイ属),T,d,弥生時代?中世,----,CDEF,Beta-196643,β線法,2380,60,----,----,----,----,-27.6,古環境研究所,Beta Analytic Inc.,2005,玉沢地区条里跡遺跡第3次調査における自然科学分析　,219?224,----,玉沢地区条里跡　第3次発掘調査報告　-稙田新都心西部土地区画整理事業及び大規模店舗建設に伴う発掘調査報告書-,大分市教育委員会
206,29770,44：大分県,玉沢地区条里跡遺跡,大分市大字木上字鉾手1番地1外235筆,試料名:№2　4区SD300(水路内),木材(ツブラジイ),T,d,弥生時代,----,C,Beta-200283,AMS法,2360,40,----,----,----,----,-29.2,古環境研究所,Beta Analytic Inc.,2005,玉沢地区条里跡遺跡第3次調査における自然科学分析　,219?224,----,玉沢地区条里跡　第3次発掘調査報告　-稙田新都心西部土地区画整理事業及び大規模店舗建設に伴う発掘調査報告書-,大分市教育委員会
207,29756,44：大分県,玉沢地区条里跡遺跡,大分市大字玉沢,炉穴　Ⅰb区　SF-4d 上層,炭化材,T,f,縄文時代後期?晩期,----,B,PAL-790,β線法,3040,100,----,----,----,----,----,パリノ・サーヴェイ,パリノ･サーヴェイ,2002,玉沢地区条里跡遺跡の自然科学　,13?19,----,玉沢地区条里跡　第2次発掘調査報告書(トキハわさだタウン地点),大分市教育委員会
208,29800,44：大分県,玉沢地区条里跡遺跡(第9次調査区),大分市,試掘トレンチ　流木　Code№9458-2,木材(ヤマグワ),T,d,古墳時代?古代,----,DE,IAAA-1065,β線法,2150,180,2150,180,----,----,-26.4,パリノ・サーヴェイ,加速器分析研究所,2007,玉沢地区条里跡第9次調査区の自然科学分析調査,67?71,----,玉沢地区条里跡　第9次調査報告　稙田新都心中央土地区画整理事業に伴う埋蔵文化財発掘調査報告書-,大分市教育委員会
209,29799,44：大分県,玉沢地区条里跡遺跡(第9次調査区),大分市,D区6層　ネズミ返し　Code№9458-1,木材(クスノキ科),T,d,古墳時代,----,D,IAAA-1064,β線法,2270,110,2270,110,----,----,-26.8,パリノ・サーヴェイ,加速器分析研究所,2007,玉沢地区条里跡第9次調査区の自然科学分析調査,67?71,----,玉沢地区条里跡　第9次調査報告　稙田新都心中央土地区画整理事業に伴う埋蔵文化財発掘調査報告書-,大分市教育委員会
210,643,44：大分県,玉沢地区条里跡遺跡第7次調査,大分市大字玉沢字楠本743-2,第7次SD-80,木材，ウイグルマッチング，外から1-5年輪,T,d,弥生時代前期,板付Ⅱa式,C,PLD-6227,AMS法,2385,20,----,----,-24.65,0.2,----,学術創成研究グループ,パレオ・ラボ,2009,地域別測定データ,139-524,FJ-0462 3 (r),弥生農耕の起源と東アジア-炭素14年代測定による高精度編年体系の構築-平成16～20年文部科学省・科学研究費学術創成研究費　研究成果報告書,国立歴史民俗博物館
211,645,44：大分県,玉沢地区条里跡遺跡第7次調査,大分市大字玉沢字楠本743-2,第7次SD-80,木材，ウイグルマッチング，外から6-10年輪,T,d,弥生時代前期,板付Ⅱa式,C,PLD-6228,AMS法,2425,20,----,----,-26.47,0.21,----,学術創成研究グループ,パレオ・ラボ,2009,地域別測定データ,139-524,FJ-0462 8 (r),弥生農耕の起源と東アジア-炭素14年代測定による高精度編年体系の構築-平成16～20年文部科学省・科学研究費学術創成研究費　研究成果報告書,国立歴史民俗博物館
212,647,44：大分県,玉沢地区条里跡遺跡第7次調査,大分市大字玉沢字楠本743-2,第7次SD-80,木材，ウイグルマッチング，外から11-15年輪,T,d,弥生時代前期,板付Ⅱa式,C,MTC-07684,AMS法,2365,45,----,----,----,----,----,学術創成研究グループ,東京大学大学院工学系研究科タンデム加速器研究施設,2009,地域別測定データ,139-524,FJ-0462 13,弥生農耕の起源と東アジア-炭素14年代測定による高精度編年体系の構築-平成16～20年文部科学省・科学研究費学術創成研究費　研究成果報告書,国立歴史民俗博物館
213,649,44：大分県,玉沢地区条里跡遺跡第7次調査,大分市大字玉沢字楠本743-2,第7次SD-80,木材，ウイグルマッチング，外から16-20年輪,T,d,弥生時代前期,板付Ⅱa式,C,MTC-07685,AMS法,2440,40,----,----,----,----,----,学術創成研究グループ,東京大学大学院工学系研究科タンデム加速器研究施設,2009,地域別測定データ,139-524,FJ-0462 18,弥生農耕の起源と東アジア-炭素14年代測定による高精度編年体系の構築-平成16～20年文部科学省・科学研究費学術創成研究費　研究成果報告書,国立歴史民俗博物館
214,651,44：大分県,玉沢地区条里跡遺跡第7次調査,大分市大字玉沢字楠本743-2,第7次SD-80,木材，ウイグルマッチング，21-25,T,d,弥生時代前期,板付Ⅱa式,C,NUTA2-8043,AMS法,2476,30,----,----,-25.3,----,----,学術創成研究グループ,名古屋大学年代測定総合研究センター,2009,地域別測定データ,139-524,FJ-0462 21,弥生農耕の起源と東アジア-炭素14年代測定による高精度編年体系の構築-平成16～20年文部科学省・科学研究費学術創成研究費　研究成果報告書,国立歴史民俗博物館
215,653,44：大分県,玉沢地区条里跡遺跡第7次調査,大分市大字玉沢字楠本743-2,第7次SD-80,木材，ウイグルマッチング，外から21-25年輪,T,d,弥生時代前期,板付Ⅱa式,C,PLD-6231,AMS法,2440,20,----,----,-26.5,0.21,----,学術創成研究グループ,パレオ・ラボ,2009,地域別測定データ,139-524,FJ-0462 23 (r),弥生農耕の起源と東アジア-炭素14年代測定による高精度編年体系の構築-平成16～20年文部科学省・科学研究費学術創成研究費　研究成果報告書,国立歴史民俗博物館
216,652,44：大分県,玉沢地区条里跡遺跡第7次調査,大分市大字玉沢字楠本743-2,第7次SD-80,木材，ウイグルマッチング，外から21-25年輪,T,d,弥生時代前期,板付Ⅱa式,C,MTC-07686,AMS法,2425,40,----,----,----,----,----,学術創成研究グループ,東京大学大学院工学系研究科タンデム加速器研究施設,2009,地域別測定データ,139-524,FJ-0462 23,弥生農耕の起源と東アジア-炭素14年代測定による高精度編年体系の構築-平成16～20年文部科学省・科学研究費学術創成研究費　研究成果報告書,国立歴史民俗博物館
217,650,44：大分県,玉沢地区条里跡遺跡第7次調査,大分市大字玉沢字楠本743-2,第7次SD-80,木材，ウイグルマッチング，外から16-20年輪,T,d,弥生時代前期,板付Ⅱa式,C,PLD-6230,AMS法,2470,20,----,----,-26.51,0.2,----,学術創成研究グループ,パレオ・ラボ,2009,地域別測定データ,139-524,FJ-0462 18 (r),弥生農耕の起源と東アジア-炭素14年代測定による高精度編年体系の構築-平成16～20年文部科学省・科学研究費学術創成研究費　研究成果報告書,国立歴史民俗博物館
218,648,44：大分県,玉沢地区条里跡遺跡第7次調査,大分市大字玉沢字楠本743-2,第7次SD-80,木材，ウイグルマッチング，外から11-15年輪,T,d,弥生時代前期,板付Ⅱa式,C,PLD-6229,AMS法,2385,20,----,----,-27.06,0.24,----,学術創成研究グループ,パレオ・ラボ,2009,地域別測定データ,139-524,FJ-0462 13 (r),弥生農耕の起源と東アジア-炭素14年代測定による高精度編年体系の構築-平成16～20年文部科学省・科学研究費学術創成研究費　研究成果報告書,国立歴史民俗博物館
219,646,44：大分県,玉沢地区条里跡遺跡第7次調査,大分市大字玉沢字楠本743-2,第7次SD-80,木材，ウイグルマッチング，11-15,T,d,弥生時代前期,板付Ⅱa式,C,NUTA2-8042,AMS法,2425,30,----,----,-26.9,----,----,学術創成研究グループ,名古屋大学年代測定総合研究センター,2009,地域別測定データ,139-524,FJ-0462 11,弥生農耕の起源と東アジア-炭素14年代測定による高精度編年体系の構築-平成16～20年文部科学省・科学研究費学術創成研究費　研究成果報告書,国立歴史民俗博物館
220,644,44：大分県,玉沢地区条里跡遺跡第7次調査,大分市大字玉沢字楠本743-2,第7次SD-80,木材，ウイグルマッチング，外から6-10年輪,T,d,弥生時代前期,板付Ⅱa式,C,MTC-07683,AMS法,2455,40,----,----,----,----,----,学術創成研究グループ,東京大学大学院工学系研究科タンデム加速器研究施設,2009,地域別測定データ,139-524,FJ-0462 8,弥生農耕の起源と東アジア-炭素14年代測定による高精度編年体系の構築-平成16～20年文部科学省・科学研究費学術創成研究費　研究成果報告書,国立歴史民俗博物館
221,642,44：大分県,玉沢地区条里跡遺跡第7次調査,大分市大字玉沢字楠本743-2,第7次SD-80,木材，ウイグルマッチング，外から1-5年輪,T,d,弥生時代前期,板付Ⅱa式,C,MTC-07682,AMS法,2360,35,----,----,----,----,----,学術創成研究グループ,東京大学大学院工学系研究科タンデム加速器研究施設,2009,地域別測定データ,139-524,FJ-0462 3,弥生農耕の起源と東アジア-炭素14年代測定による高精度編年体系の構築-平成16～20年文部科学省・科学研究費学術創成研究費　研究成果報告書,国立歴史民俗博物館
222,641,44：大分県,玉沢地区条里跡遺跡第7次調査,大分市大字玉沢字楠本743-2,第7次SD-80,木材，ウイグルマッチング，1-5,T,d,弥生時代前期,板付Ⅱa式,C,NUTA2-8041,AMS法,2388,31,----,----,-26.1,----,----,学術創成研究グループ,名古屋大学年代測定総合研究センター,2009,地域別測定データ,139-524,FJ-0462 1,弥生農耕の起源と東アジア-炭素14年代測定による高精度編年体系の構築-平成16～20年文部科学省・科学研究費学術創成研究費　研究成果報告書,国立歴史民俗博物館
223,29717,44：大分県,穂屋2号窯跡,中津市大字伊藤田字穂屋,窯天井土中,スサ材,T,d,奈良時代,7世紀後半,E,PLD-12862,AMS法,835,20,836,21,-25.97,0.18,----,伊藤茂･尾嵜大真･丹生越子･廣田正史･小林紘一･Zaur　Lomtatidze･Ineza　Jorjoliani･藤根久,パレオ・ラボ,2010,窯跡出土炭化材およびスサ材の放射性炭素年代測定,61?64,----,伊藤田窯跡群　＜コンゲ窯跡･穂屋1号窯跡･穂屋2号窯跡＞　国道212号(中津三光道路)道路改良工事に伴う埋蔵文化財発掘調査報告書,大分県教育庁埋蔵文化財センター
224,29716,44：大分県,穂屋2号窯跡,中津市大字伊藤田字穂屋,試料の種類:炭化材②最外-3年輪(半径10mm),炭化材(アカガシ亜属),T,f,奈良時代,7世紀後半,E,PLD-12242,AMS法,1300,25,1301,24,-25.49,0.27,----,伊藤茂･尾嵜大真･丹生越子･廣田正史･小林紘一･Zaur　Lomtatidze･Ineza　Jorjoliani･藤根久,パレオ・ラボ,2010,窯跡出土炭化材およびスサ材の放射性炭素年代測定,61?64,----,伊藤田窯跡群　＜コンゲ窯跡･穂屋1号窯跡･穂屋2号窯跡＞　国道212号(中津三光道路)道路改良工事に伴う埋蔵文化財発掘調査報告書,大分県教育庁埋蔵文化財センター
225,2880,44：大分県,米竹遺跡,大分市小池原字米竹211番地の1,SK015ブロック8(床面直上)5(下部),種実キビ,T,g,弥生時代中期,須久Ⅰ式,C,PLD-5106,AMS法,2230,20,----,----,-10.95,0.12,----,学術創成研究グループ,パレオ・ラボ,2009,地域別測定データ,139-524,OIFJ-65 c,弥生農耕の起源と東アジア-炭素14年代測定による高精度編年体系の構築-平成16～20年文部科学省・科学研究費学術創成研究費　研究成果報告書,国立歴史民俗博物館
226,2879,44：大分県,米竹遺跡,大分市小池原字米竹211番地の1,SK015ブロック8(床面直上)5(下部),種実コメ,T,g,弥生時代中期,須久Ⅰ式,C,PLD-5104,AMS法,2235,20,----,----,-25.24,0.12,----,学術創成研究グループ,パレオ・ラボ,2009,地域別測定データ,139-524,OIFJ-65 a,弥生農耕の起源と東アジア-炭素14年代測定による高精度編年体系の構築-平成16～20年文部科学省・科学研究費学術創成研究費　研究成果報告書,国立歴史民俗博物館
227,29690,44：大分県,若宮八幡宮遺跡,大分市上野町、六坊南町,試料名(番号):13(第66図221)　宮の前c地区朱塗り木製品の割れ口から採取,木片,T,d,弥生時代?古代,----,CDE,IAAA-72218,AMS法,2110,30,2108,28,-21.77,0.67,----,加速器分析研究所,加速器分析研究所,2008,放射性炭素年代測定(AMS測定),81?91,----,庄の原佐野線建設工事に伴う埋蔵文化財発掘調査報告書(4）若宮八幡宮遺跡　東横前a、b地区　宮の前a?d地区,大分県教育庁埋蔵文化財センター
228,29686,44：大分県,若宮八幡宮遺跡,大分市上野町、六坊南町,試料名(番号):9　宮の前d地区s-001,種実(どんぐり),T,e,弥生時代,----,C,IAAA-72214,AMS法,2030,30,2030,28,-27.65,0.77,----,加速器分析研究所,加速器分析研究所,2008,放射性炭素年代測定(AMS測定),81?91,----,庄の原佐野線建設工事に伴う埋蔵文化財発掘調査報告書(4）若宮八幡宮遺跡　東横前a、b地区　宮の前a?d地区,大分県教育庁埋蔵文化財センター
229,29699,44：大分県,茶屋久保B遺跡,豊後大野市三重町大字赤嶺字茶屋久保,試料No.:炭化物3　Ⅶ層(姶良Tnテフラ(AT)),炭化材,T,f,旧石器時代後期?縄文時代早期,----,AB,PLD-8948,AMS法,190,20,188,22,-26.14,0.22,----,小林紘一･丹生越子･廣田正史･伊藤茂･瀬谷薫･Zaur　Lomtatidze･Ineza　Jorjoliani･藤根久,パレオ・ラボ,2009,放射性炭素年代測定,153?156,----,茶屋久保B遺跡　大分県教育庁埋蔵文化財センター発掘調査報告書　第45集　,大分県教育庁埋蔵文化財センター
230,29698,44：大分県,茶屋久保B遺跡,豊後大野市三重町大字赤嶺字茶屋久保,試料No.:炭化物2　Ⅶ層(姶良Tnテフラ(AT)),炭化材(3年輪),T,f,旧石器時代後期?縄文時代早期,----,AB,PLD-8947,AMS法,160,20,161,22,-25.84,0.21,----,小林紘一･丹生越子･廣田正史･伊藤茂･瀬谷薫･Zaur　Lomtatidze･Ineza　Jorjoliani･藤根久,パレオ・ラボ,2009,放射性炭素年代測定,153?156,----,茶屋久保B遺跡　大分県教育庁埋蔵文化財センター発掘調査報告書　第45集　,大分県教育庁埋蔵文化財センター
231,29882,44：大分県,葛原遺跡(6次調査),日田市大字西有田字葛原1690,1号住居跡　中央土坑周辺　試料№1-46,炭化子葉(コナラ属),T,g,弥生時代中期初頭,城ノ越式期,C,PLD-14580,AMS法,2270,20,2272,20,-23.31,0.12,----,伊藤茂･尾嵜大真･丹生越子･廣田正史･小林紘一･Zaur Lomtatidze･Ineza　Jorjoliani･佐々木由香,パレオ・ラボ,2010,放射性炭素年代測定,72?73,----,葛原遺跡6次　大行事遺跡2次,日田市教育委員会
232,29881,44：大分県,葛原遺跡(6次調査),日田市大字西有田字葛原1690,1号住居跡　中央土坑周辺　試料№1-37,炭化子葉(コナラ属),T,g,弥生時代中期初頭,城ノ越式期,C,PLD-14579,AMS法,2200,20,2198,21,-24.71,0.19,----,伊藤茂･尾嵜大真･丹生越子･廣田正史･小林紘一･Zaur Lomtatidze･Ineza　Jorjoliani･佐々木由香,パレオ・ラボ,2010,放射性炭素年代測定,72?73,----,葛原遺跡6次　大行事遺跡2次,日田市教育委員会
233,29874,44：大分県,諸田南遺跡(南方地区),中津市大字諸田,試料番号:5　SK25　Code№11611-5,炭化材,T,f,古墳時代後期,----,D,不明,AMS法,1310,20,1308,22,-24.87,0.14,----,パリノ･サーヴェイ,パリノ･サーヴェイ,2018,諸田遺跡･諸田南遺跡の自然科学分析調査,193?203,----,諸田遺跡･諸田南遺跡　発掘調査報告書(遺構編)　,中津市教育委員会
234,29875,44：大分県,諸田南遺跡(南方地区),中津市大字諸田,試料番号:6　SK33　Code№11611-6,炭化材,T,f,古墳時代後期,----,D,不明,AMS法,1305,20,1306,22,-25.98,0.25,----,パリノ･サーヴェイ,パリノ･サーヴェイ,2018,諸田遺跡･諸田南遺跡の自然科学分析調査,193?203,----,諸田遺跡･諸田南遺跡　発掘調査報告書(遺構編)　,中津市教育委員会
235,29873,44：大分県,諸田南遺跡(南方地区),中津市大字諸田,試料番号:4　SK1　Code№11611-4,炭化材,T,f,古墳時代後期,----,D,不明,AMS法,1290,20,1288,22,-24.87,0.17,----,パリノ･サーヴェイ,パリノ･サーヴェイ,2018,諸田遺跡･諸田南遺跡の自然科学分析調査,193?203,----,諸田遺跡･諸田南遺跡　発掘調査報告書(遺構編)　,中津市教育委員会
236,29872,44：大分県,諸田南遺跡(古池地区),中津市大字諸田,試料番号:3　SK8　Code№11611-3,炭化材,T,f,古墳時代後期,----,D,不明,AMS法,1320,20,1318,21,-26.37,0.18,----,パリノ･サーヴェイ,パリノ･サーヴェイ,2018,諸田遺跡･諸田南遺跡の自然科学分析調査,193?203,----,諸田遺跡･諸田南遺跡　発掘調査報告書(遺構編)　,中津市教育委員会
237,29871,44：大分県,諸田南遺跡(古池地区),中津市大字諸田,試料番号:2　SK4　Code№11611-2,炭化材,T,f,古墳時代後期,----,D,不明,AMS法,1275,25,1276,24,-26,0.18,----,パリノ･サーヴェイ,パリノ･サーヴェイ,2018,諸田遺跡･諸田南遺跡の自然科学分析調査,193?203,----,諸田遺跡･諸田南遺跡　発掘調査報告書(遺構編)　,中津市教育委員会
238,29870,44：大分県,諸田遺跡(戸入道地区),中津市大字諸田,試料番号:1　SH26　Code№11611-1,炭化材,T,f,古墳時代後期,----,D,不明,AMS法,1555,20,1553,22,-30.76,0.18,----,パリノ･サーヴェイ,パリノ･サーヴェイ,2018,諸田遺跡･諸田南遺跡の自然科学分析調査,193?203,----,諸田遺跡･諸田南遺跡　発掘調査報告書(遺構編)　,中津市教育委員会
239,29765,44：大分県,賀来西遺跡,大分市大字賀来,試料名:№2　Ⅲb区第2号水田(F-1グリッド),炭化物,T,h,中世,----,F,Beta-188292,AMS法,840,40,----,----,----,----,-26.1,古環境研究所,Beta Analytic Inc.,2004,大分市､賀来西遺跡における自然科学分析,132?133,----,賀来西遺跡　第1次･第2次発掘調査報告書　-大分都市計画事業賀来西土地区画整理事業に伴う発掘調査報告書-,大分市教育委員会
240,29764,44：大分県,賀来西遺跡,大分市大字賀来,試料名:№1　Ⅰ区第3号溝状遺構,炭化物,T,h,中世,----,F,Beta-188291,AMS法,1010,40,----,----,----,----,-26.3,古環境研究所,Beta Analytic Inc.,2004,大分市､賀来西遺跡における自然科学分析,132?133,----,賀来西遺跡　第1次･第2次発掘調査報告書　-大分都市計画事業賀来西土地区画整理事業に伴う発掘調査報告書-,大分市教育委員会
241,29763,44：大分県,金谷迫遺跡,大分市大字金谷迫,№3　(監)区SO1,炭化物,T,h,古代,----,E,Beta-173213,AMS法,1170,60,----,----,----,----,-27.7,古環境研究所,Beta Analytic Inc.,2004,大分市､金谷迫遺跡出土資料の放射性炭素年代測定結果,23?24,----,金谷迫遺跡発掘調査報告書,大分市教育委員会
242,29762,44：大分県,金谷迫遺跡,大分市大字金谷迫,№2　(監)区SO1,炭化物,T,h,古代,----,E,Beta-173212,β線法,1380,70,----,----,----,----,-26.8,古環境研究所,Beta Analytic Inc.,2004,大分市､金谷迫遺跡出土資料の放射性炭素年代測定結果,23?24,----,金谷迫遺跡発掘調査報告書,大分市教育委員会
243,29761,44：大分県,金谷迫遺跡,大分市大字金谷迫,№1　(特)区SK1　,炭化物,T,h,縄文時代早期,----,B,Beta-173211,AMS法,230,40,----,----,----,----,-24.5,古環境研究所,Beta Analytic Inc.,2004,大分市､金谷迫遺跡出土資料の放射性炭素年代測定結果,23?24,----,金谷迫遺跡発掘調査報告書,大分市教育委員会
244,29755,44：大分県,長迫遺跡,大分市大字牧,試料名:№1　S001周溝東南P-34,炭化材,T,f,縄文時代?古墳時代,----,BCD,Beta-150385,AMS法,3200,40,----,----,----,----,-26.2,----,Beta Analytic Inc.,2001,長迫遺跡における放射性炭素年代測定,26,----,長迫遺跡　大分市大字牧に所在する発掘調査報告書,大分市教育委員会
